file,floatingpoint/integer,iterations,optimal tour,optimal tour length
48cities_avg10_std08_49,integer,1950,[(7 42) (35 33) (44 12) (5 47) (38 6) (39 23) (33 8) (25 43) (22 28) (47 13) (34 24) (46 11) (27 7) (21 20) (14 35) (30 10) (45 25) (40 26) (4 27) (37 36) (36 45) (32 2) (29 4) (15 16) (10 31) (28 46) (26 3) (24 41) (23 19) (16 38) (20 18) (19 1) (12 21) (18 37) (17 39) (11 44) (8 17) (41 5) (0 30) (9 15) (6 40) (3 32) (2 14) (43 0) (13 22) (1 29) (31 9) (42 34)],69.0
48cities_avg10_std08_49,floatingpoint,60634,[(38 47) (5 33) (17 37) (25 39) (18 43) (24 41) (39 23) (8 40) (1 28) (22 8) (27 7) (12 21) (21 20) (30 35) (14 27) (42 32) (4 30) (16 38) (9 15) (28 46) (26 3) (34 24) (44 34) (33 12) (46 11) (3 25) (45 10) (32 2) (36 45) (47 13) (7 17) (11 44) (0 14) (41 5) (37 36) (19 1) (43 0) (6 26) (15 16) (40 6) (10 31) (20 18) (2 29) (23 19) (29 4) (13 22) (31 42) (35 9)],71.62024708483598
48cities_avg10_std08_34,integer,898,[(30 31) (42 32) (21 6) (29 14) (47 28) (10 15) (5 26) (3 39) (43 2) (0 27) (41 4) (45 20) (26 1) (35 16) (13 35) (40 34) (22 24) (38 42) (7 47) (33 36) (11 17) (39 8) (37 25) (36 30) (34 11) (31 45) (27 33) (2 10) (23 3) (28 18) (25 40) (20 37) (15 41) (19 13) (18 19) (17 22) (16 12) (32 23) (14 7) (12 46) (9 0) (8 43) (6 5) (4 29) (1 9) (44 21) (24 38) (46 44)],67.0
48cities_avg10_std08_34,floatingpoint,2386,[(45 19) (18 39) (46 14) (29 1) (21 6) (13 35) (17 22) (12 46) (30 31) (5 38) (10 15) (24 47) (7 24) (43 2) (47 28) (42 32) (15 41) (27 33) (36 30) (2 10) (23 3) (3 26) (35 16) (40 34) (37 25) (8 43) (41 4) (14 7) (33 36) (11 17) (34 11) (20 37) (6 5) (9 44) (22 0) (39 8) (38 42) (31 45) (1 9) (19 13) (28 18) (25 40) (16 12) (32 23) (4 29) (44 21) (0 27) (26 20)],69.75637965871566
48cities_avg10_std08_45,integer,419,[(37 9) (47 35) (38 7) (33 37) (31 39) (23 12) (29 28) (18 44) (22 33) (0 4) (28 24) (42 21) (46 29) (8 17) (16 26) (45 19) (39 15) (44 40) (43 47) (40 20) (20 6) (1 16) (17 46) (3 42) (21 22) (15 1) (26 32) (25 11) (11 45) (41 43) (36 25) (30 41) (9 36) (19 38) (35 10) (34 13) (32 5) (27 34) (10 2) (14 27) (13 23) (12 30) (6 14) (5 18) (4 31) (24 3) (2 8) (7 0)],78.0
48cities_avg10_std08_45,floatingpoint,2505,[(45 8) (12 19) (9 30) (25 11) (7 9) (35 10) (4 7) (47 22) (21 31) (26 32) (15 1) (0 37) (39 36) (19 38) (33 15) (18 44) (31 39) (13 23) (10 2) (44 40) (43 47) (8 17) (29 35) (5 28) (17 18) (1 46) (40 6) (20 16) (2 0) (30 41) (23 12) (36 25) (14 27) (42 21) (46 29) (11 45) (41 43) (34 13) (3 42) (28 4) (22 24) (38 33) (32 5) (27 34) (24 3) (6 14) (16 26) (37 20)],77.47429064640691
48cities_avg10_std08_15,integer,1813,[(15 4) (44 0) (41 22) (14 11) (27 45) (39 3) (37 35) (38 17) (25 27) (32 9) (11 5) (6 46) (42 30) (24 41) (30 19) (5 39) (8 25) (16 18) (1 43) (26 14) (45 29) (18 15) (46 31) (40 44) (21 33) (36 1) (35 7) (34 2) (19 28) (31 32) (29 24) (23 47) (20 42) (12 20) (10 40) (7 38) (13 36) (17 12) (9 37) (4 26) (3 8) (0 34) (47 6) (28 16) (22 21) (2 13) (33 10) (43 23)],74.0
48cities_avg10_std08_15,floatingpoint,37178,[(17 26) (8 12) (1 41) (30 19) (5 23) (39 3) (38 17) (10 39) (9 18) (4 37) (26 14) (14 2) (31 34) (19 32) (23 47) (27 11) (44 45) (0 28) (24 0) (11 46) (25 5) (22 21) (45 29) (34 25) (18 15) (7 38) (35 7) (42 30) (40 44) (21 33) (43 40) (46 31) (15 4) (33 10) (16 27) (13 36) (3 8) (12 20) (41 22) (36 1) (28 16) (20 42) (29 24) (37 35) (47 6) (2 13) (6 9) (32 43)],77.15530353616585
48cities_avg10_std08_38,integer,3671,[(16 39) (25 26) (19 42) (15 0) (22 30) (8 34) (32 13) (38 21) (6 8) (3 7) (12 10) (46 1) (5 18) (43 19) (45 27) (44 20) (27 16) (35 41) (20 46) (41 43) (28 6) (7 17) (40 37) (17 38) (1 3) (13 4) (39 44) (37 29) (34 15) (21 23) (33 40) (31 5) (29 22) (30 28) (47 2) (0 45) (26 35) (24 36) (10 32) (23 11) (4 24) (2 12) (18 9) (11 31) (9 14) (14 25) (36 33) (42 47)],66.0
48cities_avg10_std08_38,floatingpoint,7046,[(8 34) (19 47) (15 42) (36 39) (42 33) (1 23) (13 4) (16 26) (25 0) (6 8) (4 24) (2 12) (11 31) (5 18) (32 13) (10 32) (38 21) (46 1) (27 16) (24 36) (18 9) (3 7) (21 22) (29 10) (30 28) (44 20) (12 3) (47 2) (33 40) (9 14) (37 29) (39 44) (43 19) (35 41) (20 46) (41 43) (17 38) (0 45) (26 35) (40 37) (7 17) (28 6) (23 11) (14 25) (31 5) (45 27) (22 30) (34 15)],68.91341787770902
48cities_avg10_std08_41,integer,1928,[(27 33) (46 0) (38 12) (33 32) (28 25) (41 38) (39 26) (32 41) (24 15) (23 1) (21 13) (11 7) (10 45) (20 19) (8 18) (22 39) (7 37) (19 6) (4 2) (43 16) (2 28) (44 5) (30 20) (17 9) (40 8) (34 24) (36 46) (35 42) (31 3) (29 4) (26 30) (6 44) (25 21) (18 43) (15 36) (14 10) (12 23) (5 35) (1 47) (0 22) (37 34) (45 29) (16 17) (13 31) (9 11) (3 27) (42 14) (47 40)],70.0
48cities_avg10_std08_41,floatingpoint,20019,[(42 40) (47 14) (37 42) (4 2) (2 28) (30 20) (40 8) (8 19) (20 45) (29 4) (6 44) (7 38) (14 37) (10 33) (27 12) (11 26) (23 1) (12 7) (21 13) (19 6) (22 39) (28 25) (33 32) (32 41) (41 18) (36 46) (34 24) (15 36) (17 9) (0 22) (43 16) (1 34) (16 17) (5 23) (26 35) (39 30) (24 15) (25 21) (31 3) (46 0) (13 31) (9 11) (44 5) (45 29) (3 27) (18 43) (35 47) (38 10)],73.17964394261388
48cities_avg10_std08_4,integer,2975,[(43 38) (5 24) (16 1) (20 15) (6 2) (44 33) (39 8) (23 6) (14 39) (47 0) (28 36) (36 47) (8 23) (19 43) (30 4) (41 26) (25 7) (42 11) (33 34) (21 3) (32 31) (31 16) (4 14) (7 20) (37 5) (1 46) (27 9) (40 44) (38 12) (18 30) (46 35) (35 18) (10 42) (34 28) (29 13) (26 17) (22 29) (15 27) (13 40) (12 10) (17 21) (3 25) (2 19) (0 45) (45 41) (9 37) (11 22) (24 32)],71.0
48cities_avg10_std08_4,floatingpoint,17612,[(33 13) (25 28) (14 40) (29 0) (23 39) (38 12) (30 34) (42 11) (10 42) (27 9) (7 20) (36 47) (1 46) (37 5) (2 19) (34 22) (11 32) (24 2) (32 31) (5 24) (20 23) (8 43) (15 27) (40 44) (6 8) (18 30) (4 14) (46 35) (35 18) (13 4) (12 10) (26 17) (3 25) (47 33) (28 36) (31 16) (39 6) (16 15) (41 26) (44 1) (43 38) (22 29) (21 3) (17 21) (9 37) (45 41) (0 7) (19 45)],74.17203868382839
48cities_avg10_std08_9,integer,8123,[(11 27) (15 37) (6 11) (12 34) (46 22) (13 30) (9 40) (37 21) (39 13) (47 38) (36 15) (33 18) (35 4) (32 6) (43 42) (38 25) (30 47) (28 39) (23 5) (22 36) (14 9) (31 8) (2 44) (34 0) (41 19) (45 41) (26 31) (25 2) (20 32) (10 43) (24 14) (21 1) (18 7) (27 23) (17 20) (8 16) (7 45) (3 35) (5 33) (1 29) (40 3) (0 10) (42 24) (19 26) (16 12) (4 46) (29 28) (44 17)],68.0
48cities_avg10_std08_9,floatingpoint,2176,[(23 31) (18 7) (1 29) (13 40) (37 21) (39 13) (26 32) (20 43) (21 30) (34 1) (17 20) (30 47) (43 42) (12 0) (2 44) (22 36) (11 27) (15 37) (44 17) (29 28) (9 34) (35 4) (24 6) (10 14) (5 33) (45 41) (27 23) (47 38) (36 15) (33 18) (3 35) (46 22) (14 9) (25 2) (32 5) (8 16) (41 19) (38 25) (0 10) (40 3) (28 39) (31 8) (42 24) (19 26) (4 46) (16 12) (6 45) (7 11)],69.04244689829565
48cities_avg10_std08_29,integer,19306,[(30 46) (6 28) (39 42) (36 19) (32 36) (18 15) (29 22) (33 7) (31 30) (44 8) (45 44) (47 32) (28 33) (26 34) (12 2) (23 12) (21 1) (24 40) (20 21) (4 20) (19 14) (38 11) (43 25) (2 16) (1 23) (16 3) (27 9) (15 24) (14 13) (46 38) (5 27) (42 6) (40 31) (17 43) (37 18) (13 5) (11 10) (10 45) (9 37) (22 0) (7 26) (34 4) (8 39) (0 47) (3 41) (25 29) (35 17) (41 35)],68.0
48cities_avg10_std08_29,floatingpoint,66664,[(27 9) (39 15) (32 12) (15 24) (42 31) (17 6) (36 19) (35 17) (9 36) (8 26) (3 39) (16 3) (30 46) (6 30) (45 44) (20 37) (1 23) (47 32) (2 16) (12 2) (28 33) (44 8) (19 14) (4 20) (14 13) (10 45) (0 41) (18 27) (7 0) (5 47) (40 43) (31 40) (21 1) (26 28) (43 25) (41 42) (22 34) (24 21) (34 4) (38 11) (23 35) (11 10) (46 38) (37 18) (13 5) (25 29) (29 22) (33 7)],72.93431214006928
48cities_avg10_std08_23,integer,1010,[(24 18) (7 11) (40 3) (25 32) (38 1) (15 43) (14 17) (30 4) (4 19) (12 40) (1 25) (31 22) (32 31) (5 38) (46 47) (43 29) (47 2) (18 20) (39 45) (34 6) (2 24) (33 44) (23 16) (29 13) (22 12) (28 8) (27 33) (26 37) (21 46) (20 35) (17 27) (36 39) (13 26) (11 41) (10 28) (45 30) (9 23) (8 9) (6 14) (3 21) (0 36) (42 34) (41 42) (37 10) (35 0) (19 7) (16 5) (44 15)],69.0
48cities_avg10_std08_23,floatingpoint,1317,[(32 31) (2 24) (33 44) (16 14) (27 33) (25 32) (3 21) (31 22) (38 18) (1 25) (18 20) (37 10) (7 43) (15 1) (23 16) (36 39) (11 41) (22 12) (12 40) (30 4) (20 35) (6 9) (39 45) (17 27) (45 30) (9 23) (14 17) (40 3) (24 11) (47 2) (28 8) (21 46) (13 26) (4 19) (8 15) (10 28) (0 36) (43 29) (34 6) (26 37) (29 13) (19 7) (42 34) (44 5) (41 42) (35 0) (5 38) (46 47)],72.6038826330042
48cities_avg10_std08_27,integer,27968,[(28 18) (8 4) (20 36) (13 8) (12 38) (47 2) (1 11) (45 34) (29 3) (39 17) (36 7) (25 24) (46 29) (4 23) (44 1) (22 15) (42 33) (41 5) (23 21) (30 35) (40 44) (32 26) (16 9) (15 27) (38 41) (7 42) (37 46) (33 22) (14 37) (11 19) (31 13) (27 12) (34 30) (26 6) (24 16) (21 0) (19 47) (18 14) (17 28) (9 39) (5 43) (3 20) (2 32) (10 25) (0 45) (6 31) (35 10) (43 40)],74.0
48cities_avg10_std08_27,floatingpoint,18819,[(11 5) (27 12) (10 8) (31 13) (13 14) (18 7) (23 35) (45 11) (4 23) (24 16) (5 43) (44 1) (42 15) (30 33) (17 46) (37 42) (40 44) (36 21) (7 38) (8 4) (20 36) (26 6) (19 47) (34 30) (32 26) (1 25) (21 34) (14 0) (12 19) (47 2) (15 27) (22 37) (9 39) (33 22) (29 3) (38 41) (46 28) (0 45) (3 20) (39 17) (2 32) (41 29) (28 18) (16 9) (25 24) (6 31) (35 40) (43 10)],74.92692927346255
48cities_avg10_std08_7,integer,6411,[(35 45) (34 0) (2 32) (4 36) (28 18) (44 9) (17 34) (46 35) (40 4) (31 44) (22 29) (45 12) (39 30) (38 13) (25 14) (24 1) (21 42) (11 24) (47 31) (10 19) (0 2) (33 8) (27 20) (12 3) (8 17) (18 25) (43 21) (42 33) (36 39) (37 27) (26 22) (19 6) (29 47) (16 43) (15 10) (1 38) (14 11) (9 28) (7 15) (20 41) (6 26) (23 7) (5 23) (41 40) (30 5) (13 16) (3 37) (32 46)],71.0
48cities_avg10_std08_7,floatingpoint,42178,[(17 7) (45 12) (15 6) (38 13) (0 2) (11 24) (8 45) (25 14) (35 46) (3 29) (24 1) (12 3) (42 33) (26 22) (32 18) (2 32) (27 20) (1 38) (14 11) (22 0) (21 42) (5 10) (19 23) (28 36) (34 44) (10 34) (31 19) (7 37) (37 15) (36 27) (18 25) (43 21) (46 39) (40 4) (4 17) (13 16) (44 9) (20 41) (6 26) (9 28) (47 31) (33 35) (41 40) (29 47) (16 43) (30 5) (23 30) (39 8)],74.28521254910781
48cities_avg10_std08_50,integer,8817,[(7 31) (39 0) (1 18) (3 9) (18 8) (29 32) (21 17) (8 39) (46 36) (43 2) (28 45) (27 26) (44 14) (40 43) (37 28) (41 27) (6 23) (36 37) (31 4) (45 20) (19 29) (9 30) (35 5) (34 12) (33 40) (0 35) (32 44) (30 10) (12 13) (42 46) (22 47) (26 3) (10 42) (24 7) (23 38) (20 24) (14 34) (16 25) (15 22) (13 15) (17 19) (4 1) (2 21) (25 11) (38 16) (5 6) (11 33) (47 41)],68.0
48cities_avg10_std08_50,floatingpoint,17434,[(10 42) (38 21) (4 1) (29 8) (18 39) (8 31) (47 41) (25 11) (24 32) (27 26) (37 28) (9 5) (2 15) (26 3) (13 7) (35 34) (14 25) (34 14) (15 12) (41 17) (40 27) (17 19) (44 43) (21 29) (1 18) (7 0) (28 45) (39 2) (32 35) (23 44) (16 38) (36 37) (3 9) (46 36) (45 20) (0 22) (43 16) (6 23) (12 13) (11 33) (20 24) (19 30) (31 4) (33 40) (30 10) (5 6) (22 47) (42 46)],71.44437205094637
48cities_avg10_std08_14,integer,3734,[(9 1) (46 34) (27 7) (45 6) (30 42) (3 14) (29 32) (25 43) (24 45) (0 18) (23 26) (1 29) (47 33) (28 35) (43 13) (18 30) (7 19) (19 2) (8 21) (42 22) (35 44) (33 12) (5 25) (40 4) (34 9) (6 47) (22 37) (38 5) (20 11) (4 31) (39 23) (37 3) (2 40) (44 38) (15 41) (14 28) (36 15) (41 8) (26 27) (21 24) (17 0) (16 20) (13 36) (11 10) (10 46) (12 39) (31 16) (32 17)],68.0
48cities_avg10_std08_14,floatingpoint,8292,[(5 22) (20 31) (6 11) (19 2) (34 47) (46 30) (8 9) (13 36) (30 41) (21 34) (33 44) (41 24) (42 21) (32 17) (17 25) (45 42) (35 0) (16 20) (22 37) (38 5) (27 7) (29 32) (25 43) (24 45) (3 14) (7 29) (31 19) (9 1) (15 38) (44 40) (23 26) (18 16) (28 35) (0 18) (47 33) (2 6) (43 13) (39 23) (37 3) (26 27) (4 8) (11 10) (10 46) (14 28) (36 15) (12 39) (1 12) (40 4)],73.82843204225519
48cities_avg10_std08_37,integer,61657,[(2 39) (44 33) (47 14) (39 37) (41 47) (42 7) (37 3) (29 10) (25 22) (11 26) (45 25) (32 41) (22 29) (38 40) (36 16) (26 38) (43 34) (27 9) (35 2) (34 32) (13 17) (33 42) (31 4) (30 31) (6 5) (28 6) (24 11) (21 43) (23 21) (10 20) (20 46) (18 19) (15 23) (12 15) (9 28) (3 18) (14 45) (5 8) (19 36) (17 0) (16 27) (7 12) (4 1) (1 24) (0 30) (8 13) (40 44) (46 35)],77.0
48cities_avg10_std08_37,floatingpoint,190514,[(25 22) (34 32) (47 26) (27 14) (22 20) (10 9) (43 34) (17 0) (41 47) (37 2) (2 10) (29 41) (4 1) (9 28) (23 21) (21 43) (38 18) (11 40) (32 29) (14 7) (13 17) (42 3) (18 39) (3 19) (39 33) (15 23) (7 12) (30 31) (0 30) (35 16) (44 45) (6 5) (46 35) (5 8) (45 25) (12 15) (24 11) (40 44) (31 4) (28 6) (16 27) (36 37) (19 36) (33 42) (8 13) (20 46) (1 24) (26 38)],80.22864693250173
48cities_avg10_std08_46,integer,622,[(32 33) (38 19) (34 41) (25 42) (45 40) (28 13) (46 25) (39 43) (24 5) (36 15) (22 36) (13 26) (9 23) (30 22) (6 20) (43 28) (3 0) (26 47) (47 32) (44 6) (42 18) (37 17) (29 34) (31 29) (27 10) (40 12) (23 44) (1 35) (21 2) (19 37) (18 9) (17 46) (2 1) (20 4) (16 31) (15 24) (14 7) (12 8) (10 16) (8 14) (7 11) (33 21) (5 27) (4 30) (0 45) (11 39) (35 38) (41 3)],79.0
48cities_avg10_std08_46,floatingpoint,85715,[(10 16) (39 0) (27 10) (30 43) (4 30) (45 40) (36 15) (46 36) (32 25) (13 26) (29 5) (41 34) (28 13) (9 6) (42 28) (6 20) (43 22) (12 47) (47 32) (15 24) (31 29) (44 31) (34 19) (2 1) (8 14) (20 4) (16 2) (21 35) (1 18) (25 38) (3 42) (33 21) (5 27) (38 33) (37 17) (23 44) (40 12) (14 7) (35 3) (22 23) (7 11) (0 45) (19 37) (11 39) (26 41) (17 46) (18 8) (24 9)],83.49726409908028
48cities_avg10_std08_1,integer,718,[(18 4) (20 8) (2 11) (38 17) (36 40) (27 46) (9 29) (31 43) (7 21) (24 1) (45 15) (35 31) (44 41) (47 35) (43 32) (21 13) (34 26) (8 28) (42 33) (30 19) (41 10) (40 47) (37 23) (33 14) (29 3) (28 5) (32 7) (26 38) (23 36) (19 22) (16 25) (0 34) (6 45) (4 24) (22 44) (14 37) (15 9) (13 6) (12 16) (3 2) (25 39) (11 30) (10 12) (5 27) (1 20) (17 18) (39 0) (46 42)],79.0
48cities_avg10_std08_1,floatingpoint,7846,[(43 4) (14 37) (33 32) (44 41) (47 35) (42 19) (10 12) (20 14) (0 34) (39 0) (46 5) (21 33) (18 13) (15 9) (7 42) (24 21) (12 1) (37 23) (13 6) (36 40) (3 2) (38 30) (27 17) (9 46) (31 29) (11 43) (40 47) (8 25) (34 28) (4 24) (35 31) (41 16) (29 26) (45 3) (5 27) (16 10) (30 11) (2 8) (23 36) (28 15) (25 39) (22 44) (1 20) (32 7) (26 38) (17 18) (6 22) (19 45)],81.7586672559649
48cities_avg10_std08_10,integer,7241,[(33 39) (31 15) (47 31) (9 14) (34 29) (29 43) (16 46) (15 25) (44 32) (46 22) (36 4) (12 17) (5 0) (43 7) (42 23) (45 2) (41 10) (11 9) (1 18) (35 38) (32 35) (38 20) (6 13) (20 30) (10 45) (40 8) (27 36) (19 24) (7 27) (30 6) (37 3) (28 41) (24 5) (4 12) (22 37) (8 16) (21 28) (18 11) (17 47) (14 40) (13 34) (3 44) (2 42) (0 21) (25 26) (23 1) (26 33) (39 19)],76.0
48cities_avg10_std08_10,floatingpoint,44555,[(15 34) (13 17) (41 10) (0 31) (29 21) (5 4) (36 25) (47 30) (20 37) (22 12) (4 0) (45 38) (35 18) (39 19) (18 11) (8 16) (16 46) (42 45) (11 9) (43 23) (10 7) (3 44) (46 28) (21 15) (30 6) (44 32) (27 36) (1 29) (28 41) (12 2) (9 14) (31 43) (17 47) (24 5) (26 33) (33 39) (34 22) (7 27) (32 35) (40 8) (19 24) (14 40) (2 42) (23 1) (37 3) (25 26) (6 20) (38 13)],78.61500105982081
48cities_avg10_std08_5,integer,2959,[(8 38) (44 39) (41 21) (11 42) (15 17) (4 46) (19 28) (45 25) (6 23) (16 45) (35 8) (12 19) (0 5) (43 35) (42 13) (40 2) (26 40) (30 34) (21 14) (38 9) (36 6) (47 27) (34 43) (28 36) (32 41) (31 29) (20 10) (27 32) (3 30) (37 44) (33 1) (29 12) (25 22) (24 7) (23 4) (22 3) (18 24) (17 31) (13 37) (10 16) (5 18) (9 15) (7 11) (2 47) (39 26) (1 0) (14 20) (46 33)],74.0
48cities_avg10_std08_5,floatingpoint,132398,[(34 45) (5 2) (0 5) (42 0) (12 19) (18 24) (22 3) (38 33) (46 20) (1 46) (14 32) (28 36) (45 25) (36 11) (40 13) (30 29) (19 14) (15 28) (44 6) (8 39) (17 31) (27 12) (20 10) (4 17) (39 26) (9 15) (3 30) (26 34) (41 40) (11 42) (21 9) (31 37) (13 38) (29 44) (47 27) (32 18) (10 16) (2 47) (33 1) (24 41) (25 22) (37 7) (6 21) (16 23) (23 4) (43 35) (7 43) (35 8)],76.2539439149127
48cities_avg10_std08_36,integer,985,[(25 6) (22 42) (41 16) (39 33) (13 5) (10 30) (35 21) (43 18) (44 38) (28 32) (9 12) (27 22) (21 37) (16 25) (8 35) (45 19) (26 2) (37 24) (24 23) (34 10) (20 26) (7 46) (33 34) (2 8) (46 20) (32 11) (14 3) (19 41) (17 13) (0 4) (31 0) (42 15) (36 47) (29 9) (23 29) (18 14) (30 45) (15 17) (12 39) (11 7) (6 40) (5 31) (1 44) (47 27) (4 28) (3 1) (38 36) (40 43)],70.0
48cities_avg10_std08_36,floatingpoint,5998,[(39 33) (22 42) (13 5) (3 39) (11 20) (44 7) (35 38) (41 16) (7 34) (8 35) (16 26) (43 18) (33 21) (32 11) (28 32) (12 23) (0 12) (38 36) (9 25) (10 30) (34 46) (24 10) (6 40) (46 3) (26 2) (15 17) (37 24) (27 22) (36 47) (18 14) (17 4) (30 45) (42 15) (21 37) (1 44) (23 29) (20 13) (4 28) (5 31) (45 19) (25 6) (31 0) (14 41) (40 43) (47 27) (19 9) (2 8) (29 1)],71.13699350375785
48cities_avg10_std08_43,integer,26321,[(9 47) (14 2) (21 41) (42 44) (38 16) (44 13) (31 7) (41 27) (25 20) (12 0) (37 36) (13 6) (11 43) (36 34) (17 12) (35 31) (40 25) (24 11) (0 37) (28 17) (34 14) (26 35) (23 32) (43 3) (4 38) (30 42) (22 8) (45 5) (32 21) (15 1) (7 15) (6 26) (1 4) (19 33) (39 22) (27 30) (5 18) (18 29) (16 9) (10 28) (8 40) (3 10) (20 24) (2 23) (33 45) (29 39) (46 19) (47 46)],70.0
48cities_avg10_std08_43,floatingpoint,5705,[(11 17) (17 12) (13 6) (35 31) (0 37) (31 18) (44 7) (28 16) (42 44) (38 23) (12 0) (14 2) (3 10) (40 25) (5 29) (24 11) (6 26) (7 15) (4 32) (15 1) (32 21) (29 39) (43 3) (2 38) (41 27) (8 40) (16 9) (21 13) (23 46) (39 22) (27 30) (20 24) (26 35) (19 41) (47 19) (46 47) (34 14) (30 42) (22 8) (25 20) (45 5) (37 36) (33 45) (1 4) (9 33) (10 28) (18 43) (36 34)],71.81589105751456
48cities_avg10_std08_39,integer,4404,[(38 42) (11 46) (18 44) (23 43) (20 10) (13 40) (36 26) (8 3) (25 41) (5 24) (42 12) (33 22) (30 11) (16 19) (45 16) (2 6) (40 18) (22 45) (47 17) (46 21) (44 34) (3 13) (39 15) (35 2) (34 30) (31 35) (27 39) (26 1) (21 47) (19 9) (24 33) (1 27) (17 29) (15 8) (12 36) (9 32) (7 0) (37 4) (0 31) (41 38) (32 23) (29 20) (14 25) (10 28) (6 37) (4 14) (28 5) (43 7)],66.0
48cities_avg10_std08_39,floatingpoint,9780,[(16 19) (40 18) (30 11) (13 26) (46 5) (43 40) (44 34) (1 27) (17 29) (27 39) (7 0) (12 7) (31 17) (11 3) (28 21) (6 46) (25 42) (5 41) (19 9) (45 16) (33 22) (47 45) (42 43) (0 31) (21 36) (22 47) (20 10) (3 13) (39 15) (36 2) (9 32) (8 24) (34 30) (24 33) (23 4) (2 6) (26 1) (15 8) (32 23) (37 12) (14 37) (35 25) (41 38) (4 14) (10 28) (29 20) (18 44) (38 35)],68.86192151229399
48cities_avg10_std08_48,integer,2027,[(21 5) (19 42) (22 10) (28 22) (24 40) (47 43) (40 39) (5 44) (20 23) (42 32) (1 31) (36 13) (34 35) (7 17) (12 26) (13 38) (16 30) (30 6) (0 20) (41 9) (37 11) (32 37) (45 1) (46 34) (43 2) (39 25) (38 33) (35 15) (8 0) (44 4) (33 41) (31 36) (29 7) (27 24) (18 45) (6 14) (4 27) (26 28) (25 8) (14 18) (11 29) (10 21) (17 16) (9 12) (3 19) (2 3) (15 47) (23 46)],73.0
48cities_avg10_std08_48,floatingpoint,24209,[(6 14) (36 5) (12 13) (38 0) (0 26) (30 20) (28 6) (21 22) (1 31) (16 30) (13 38) (33 45) (4 27) (18 47) (44 41) (26 4) (39 28) (40 44) (20 25) (5 40) (24 46) (23 35) (47 1) (41 9) (37 11) (32 23) (14 18) (45 37) (7 17) (3 19) (19 42) (35 15) (22 10) (42 32) (31 8) (34 21) (17 16) (9 12) (11 29) (25 39) (8 36) (27 24) (10 43) (46 34) (43 2) (2 3) (15 33) (29 7)],73.36529981990074
48cities_avg10_std08_12,integer,241,[(40 26) (28 29) (12 40) (14 34) (24 37) (42 35) (47 7) (37 31) (41 44) (33 38) (29 4) (18 2) (23 41) (32 23) (46 43) (19 10) (10 42) (13 14) (44 33) (34 5) (9 17) (27 0) (6 28) (15 16) (4 18) (1 11) (39 30) (0 6) (17 20) (5 15) (45 24) (38 45) (22 8) (36 1) (35 27) (31 12) (26 19) (20 47) (16 22) (11 39) (8 9) (3 32) (2 25) (21 36) (7 46) (30 13) (25 21) (43 3)],71.0
48cities_avg10_std08_12,floatingpoint,12305,[(15 16) (0 20) (39 6) (40 30) (25 21) (46 43) (36 1) (33 26) (22 8) (43 17) (29 4) (2 25) (23 41) (24 3) (31 12) (4 37) (14 34) (13 38) (18 2) (9 11) (1 5) (34 35) (42 10) (6 28) (3 32) (28 29) (20 47) (44 14) (12 40) (19 23) (47 7) (32 42) (10 33) (17 15) (41 44) (37 31) (16 22) (5 24) (27 0) (35 27) (26 19) (38 45) (8 9) (21 36) (7 46) (30 13) (11 39) (45 18)],71.84192225849014
48cities_avg10_std08_32,integer,3170,[(36 44) (40 41) (12 6) (4 21) (42 17) (3 2) (18 46) (23 19) (37 12) (17 33) (5 47) (25 5) (30 10) (46 37) (47 20) (20 43) (44 40) (39 26) (41 35) (14 15) (43 9) (15 30) (35 38) (34 25) (33 28) (16 36) (32 23) (21 24) (31 4) (28 14) (26 13) (24 7) (22 1) (19 22) (13 18) (0 27) (11 42) (10 8) (9 29) (8 45) (45 31) (27 32) (7 34) (2 11) (6 3) (1 39) (29 16) (38 0)],67.0
48cities_avg10_std08_32,floatingpoint,2177,[(27 34) (7 32) (8 45) (11 18) (13 14) (25 12) (37 0) (5 47) (38 16) (22 1) (12 41) (17 6) (15 30) (35 38) (31 4) (23 19) (20 43) (40 21) (3 2) (42 17) (21 24) (41 26) (39 10) (0 35) (46 37) (28 27) (4 33) (18 46) (43 9) (24 42) (47 20) (36 7) (44 40) (34 25) (14 15) (32 23) (30 5) (6 3) (29 44) (26 13) (2 11) (10 8) (1 39) (9 29) (45 31) (19 22) (16 36) (33 28)],67.5198680894969
48cities_avg10_std08_22,integer,8134,[(40 29) (26 33) (39 9) (37 34) (28 8) (42 7) (30 1) (22 47) (47 28) (43 32) (45 5) (36 38) (35 42) (34 36) (24 23) (5 39) (23 41) (15 43) (29 46) (21 26) (41 35) (27 19) (44 6) (32 30) (31 17) (10 15) (6 3) (25 44) (16 18) (11 2) (20 24) (9 21) (33 22) (19 40) (13 0) (46 14) (18 11) (17 4) (12 27) (14 10) (8 31) (7 16) (4 13) (1 45) (0 25) (3 37) (2 12) (38 20)],71.0
48cities_avg10_std08_22,floatingpoint,77317,[(24 23) (16 18) (2 33) (5 7) (39 12) (37 34) (35 42) (42 1) (36 5) (47 38) (9 21) (22 28) (30 47) (33 22) (19 40) (44 6) (32 30) (0 25) (15 43) (1 45) (11 2) (34 36) (26 4) (13 0) (40 29) (38 20) (14 10) (18 11) (17 41) (8 31) (23 39) (10 15) (45 32) (28 9) (43 8) (29 46) (31 17) (6 3) (25 44) (21 26) (4 13) (20 24) (41 35) (46 14) (12 27) (3 37) (7 19) (27 16)],75.57078597692788
48cities_avg10_std08_6,integer,8066,[(3 1) (45 27) (24 16) (47 22) (15 10) (25 34) (43 26) (42 9) (30 38) (37 4) (33 39) (29 30) (36 44) (44 7) (46 6) (41 47) (38 18) (35 17) (27 43) (26 5) (21 23) (40 25) (39 29) (28 19) (14 37) (2 31) (13 0) (23 45) (8 42) (34 8) (20 35) (19 24) (18 11) (22 15) (17 41) (10 46) (16 36) (11 14) (9 28) (7 2) (6 3) (5 32) (32 12) (31 13) (1 40) (0 33) (4 21) (12 20)],71.0
48cities_avg10_std08_6,floatingpoint,19493,[(46 6) (35 26) (38 18) (2 17) (13 0) (30 1) (4 38) (27 40) (1 28) (16 37) (14 46) (10 36) (36 39) (37 4) (12 21) (22 20) (25 31) (15 10) (44 7) (33 30) (9 34) (42 41) (28 9) (8 42) (19 24) (21 23) (39 29) (41 43) (43 47) (29 19) (23 45) (3 27) (17 15) (7 2) (40 25) (47 22) (34 8) (20 35) (24 16) (6 3) (18 11) (11 14) (31 13) (5 32) (0 33) (32 12) (26 5) (45 44)],74.48476517171504
48cities_avg10_std08_3,integer,2430,[(34 11) (14 39) (39 25) (45 20) (8 43) (46 32) (33 21) (31 2) (2 47) (32 27) (28 14) (6 38) (38 5) (0 34) (40 3) (43 15) (35 8) (47 29) (12 37) (37 24) (30 19) (29 18) (27 42) (26 22) (25 13) (17 10) (1 35) (24 6) (41 23) (16 4) (22 46) (21 44) (20 33) (4 41) (19 36) (15 7) (18 40) (23 30) (13 17) (11 9) (10 12) (9 1) (7 45) (5 16) (3 28) (42 0) (36 26) (44 31)],64.0
48cities_avg10_std08_3,floatingpoint,1139,[(3 14) (14 28) (2 47) (17 35) (1 13) (25 1) (9 11) (45 20) (10 12) (31 2) (46 32) (44 31) (36 26) (35 8) (47 29) (12 37) (18 40) (13 17) (37 24) (30 19) (0 34) (21 9) (26 22) (24 6) (15 7) (41 23) (28 5) (29 18) (5 16) (20 33) (8 43) (40 3) (43 15) (38 44) (39 38) (6 25) (7 45) (16 4) (22 46) (4 41) (34 39) (27 42) (23 30) (19 36) (33 21) (42 0) (11 27) (32 10)],65.32681666794562
48cities_avg10_std08_44,integer,845,[(24 2) (15 36) (2 3) (28 34) (25 32) (29 28) (13 37) (34 44) (7 38) (26 35) (42 26) (1 39) (5 1) (0 33) (44 45) (32 13) (20 31) (41 7) (22 5) (40 25) (14 4) (9 15) (39 24) (38 47) (37 12) (16 6) (43 20) (6 8) (36 30) (30 17) (35 0) (33 22) (31 18) (23 10) (21 11) (19 46) (18 40) (10 29) (17 19) (8 43) (4 21) (3 27) (47 9) (12 23) (45 42) (11 16) (27 41) (46 14)],72.0
48cities_avg10_std08_44,floatingpoint,28963,[(29 28) (25 32) (28 34) (15 47) (6 8) (19 41) (12 23) (5 35) (26 17) (38 30) (30 14) (35 0) (21 6) (22 5) (40 25) (32 13) (37 12) (34 44) (16 33) (36 22) (33 39) (27 1) (7 38) (1 26) (42 27) (44 45) (13 3) (45 42) (10 29) (0 37) (14 4) (23 10) (2 36) (9 46) (8 43) (3 15) (18 40) (39 24) (20 31) (41 7) (43 20) (31 18) (4 21) (17 19) (47 9) (11 16) (24 2) (46 11)],71.8916911284592
48cities_avg10_std08_18,integer,6591,[(13 20) (30 9) (25 40) (20 11) (45 23) (24 0) (16 22) (15 8) (5 26) (4 35) (0 21) (21 16) (43 36) (44 17) (14 1) (33 38) (37 13) (47 10) (46 34) (38 19) (42 29) (40 37) (36 30) (28 47) (31 14) (32 45) (29 5) (27 3) (23 15) (22 32) (26 2) (19 39) (18 31) (17 33) (11 12) (10 44) (9 25) (7 6) (6 24) (39 43) (1 7) (35 42) (12 46) (8 4) (3 18) (2 41) (34 27) (41 28)],71.0
48cities_avg10_std08_18,floatingpoint,9656,[(37 13) (1 32) (14 1) (10 44) (25 14) (31 9) (33 38) (6 24) (24 4) (7 6) (22 45) (32 40) (38 19) (29 5) (5 8) (15 25) (9 17) (44 36) (20 11) (16 22) (28 47) (0 21) (45 23) (36 30) (34 27) (46 34) (43 28) (11 12) (18 31) (8 10) (47 0) (30 20) (26 2) (19 39) (21 16) (17 33) (3 18) (39 43) (41 7) (35 42) (12 46) (23 15) (2 41) (40 37) (27 3) (42 29) (4 35) (13 26)],74.89104007376739
48cities_avg10_std08_30,integer,3959,[(41 40) (34 37) (27 7) (26 19) (25 9) (20 1) (15 39) (9 34) (46 36) (35 2) (42 17) (13 3) (11 12) (2 23) (31 43) (32 47) (38 18) (44 0) (43 24) (33 31) (40 13) (30 28) (37 10) (24 25) (21 46) (18 44) (16 30) (12 26) (36 11) (10 22) (14 41) (5 42) (22 14) (47 45) (19 5) (4 38) (28 20) (17 33) (8 35) (7 16) (6 29) (1 15) (29 4) (0 32) (23 21) (3 6) (39 8) (45 27)],74.0
48cities_avg10_std08_30,floatingpoint,68999,[(9 34) (1 15) (7 40) (47 45) (30 28) (36 26) (12 37) (33 31) (19 32) (41 10) (4 38) (37 5) (23 22) (22 21) (11 30) (0 16) (26 23) (2 43) (27 42) (5 14) (40 13) (25 19) (20 9) (34 3) (31 47) (32 18) (21 6) (3 1) (39 8) (45 27) (46 36) (10 11) (8 35) (14 46) (42 41) (38 17) (35 2) (43 24) (24 25) (44 0) (28 20) (17 33) (29 4) (6 29) (16 7) (18 44) (13 12) (15 39)],76.65287013055821
48cities_avg10_std08_21,integer,5423,[(33 40) (8 15) (13 8) (45 44) (14 33) (7 36) (10 47) (44 28) (6 10) (40 32) (46 31) (3 29) (39 12) (35 5) (4 25) (31 19) (47 37) (41 39) (16 18) (0 11) (42 9) (38 1) (37 17) (36 26) (29 45) (20 14) (1 42) (28 46) (27 35) (26 6) (5 16) (23 38) (25 0) (22 27) (21 34) (19 21) (43 30) (17 2) (18 3) (15 22) (12 23) (11 20) (9 13) (2 41) (32 24) (24 43) (30 7) (34 4)],76.0
48cities_avg10_std08_21,floatingpoint,45812,[(11 20) (12 23) (2 7) (5 18) (16 9) (15 22) (1 42) (29 45) (17 5) (27 35) (33 40) (7 36) (45 46) (13 44) (34 8) (37 4) (40 17) (19 21) (31 19) (46 31) (28 14) (20 2) (8 15) (4 25) (35 0) (25 38) (23 16) (6 41) (21 34) (10 28) (47 37) (41 39) (3 29) (44 32) (39 47) (43 30) (42 12) (26 6) (0 11) (22 27) (18 3) (38 1) (24 43) (36 26) (9 13) (32 24) (14 33) (30 10)],75.82374817228012
48cities_avg10_std08_11,integer,5287,[(39 20) (46 5) (44 33) (40 12) (34 21) (35 16) (6 22) (43 27) (41 39) (37 38) (0 13) (26 2) (42 30) (10 17) (33 40) (19 41) (32 35) (28 11) (22 23) (12 19) (27 47) (25 24) (5 8) (29 9) (24 31) (17 1) (23 0) (21 28) (18 32) (47 42) (20 7) (16 3) (15 6) (14 15) (30 4) (13 10) (11 43) (9 25) (7 46) (4 36) (3 26) (2 45) (38 29) (36 14) (31 44) (8 34) (1 18) (45 37)],65.0
48cities_avg10_std08_11,floatingpoint,7664,[(2 46) (7 45) (28 11) (6 21) (41 39) (34 12) (39 20) (22 23) (16 3) (10 17) (45 37) (1 18) (0 13) (26 2) (42 30) (15 6) (19 41) (21 28) (37 38) (25 0) (23 36) (11 43) (4 24) (40 16) (32 35) (27 47) (18 32) (20 7) (30 4) (13 10) (35 22) (9 25) (17 1) (46 5) (43 27) (44 33) (3 26) (14 15) (12 19) (47 42) (8 34) (33 40) (36 14) (5 8) (31 44) (38 29) (24 31) (29 9)],69.87362833657266
48cities_avg10_std08_17,integer,15569,[(6 8) (8 26) (3 33) (28 16) (47 20) (18 1) (22 19) (13 46) (1 22) (21 13) (43 6) (10 25) (42 44) (30 15) (39 43) (27 5) (20 11) (23 36) (44 40) (2 7) (35 38) (36 10) (33 31) (31 18) (29 27) (25 3) (45 0) (38 14) (19 34) (37 47) (32 39) (17 21) (0 23) (41 29) (16 32) (15 17) (14 28) (7 41) (26 45) (11 42) (9 37) (5 12) (34 30) (24 4) (12 24) (4 9) (40 35) (46 2)],69.0
48cities_avg10_std08_17,floatingpoint,7772,[(10 25) (38 14) (1 26) (45 22) (25 3) (19 34) (42 44) (2 5) (31 18) (12 24) (13 46) (11 42) (23 8) (18 1) (8 33) (6 10) (22 19) (28 16) (9 37) (33 31) (41 29) (7 41) (44 28) (40 35) (47 20) (16 32) (0 23) (20 36) (3 11) (36 7) (29 27) (46 2) (17 21) (27 40) (26 45) (30 15) (35 38) (34 30) (14 0) (37 47) (5 12) (39 43) (15 17) (32 39) (4 9) (24 4) (21 6) (43 13)],72.3047025494159
48cities_avg10_std08_26,integer,2741,[(17 42) (39 46) (46 34) (11 6) (1 14) (7 26) (15 12) (18 17) (0 7) (37 44) (42 35) (33 38) (13 3) (2 5) (12 21) (5 29) (31 4) (24 33) (20 37) (44 31) (38 40) (43 19) (36 10) (35 24) (32 23) (41 30) (30 15) (29 0) (26 8) (21 28) (19 18) (47 45) (34 9) (45 11) (27 47) (16 39) (14 32) (10 43) (3 41) (8 22) (6 1) (4 36) (40 13) (28 27) (25 2) (9 20) (22 16) (23 25)],73.0
48cities_avg10_std08_26,floatingpoint,58282,[(11 6) (46 34) (39 14) (17 42) (37 46) (22 16) (23 25) (47 2) (0 45) (33 17) (13 3) (12 35) (15 12) (14 33) (24 38) (32 23) (42 44) (2 5) (5 29) (31 4) (44 31) (38 40) (43 19) (10 43) (3 41) (8 22) (41 30) (25 0) (29 24) (16 39) (35 10) (20 21) (36 37) (30 15) (18 7) (26 8) (19 18) (21 28) (34 9) (45 11) (6 1) (9 20) (27 47) (4 36) (28 27) (40 13) (1 26) (7 32)],77.48900124505295
48cities_avg10_std08_16,integer,305797,[(27 26) (47 27) (19 1) (17 14) (42 16) (40 13) (43 0) (39 22) (35 7) (30 3) (33 32) (31 41) (36 30) (28 18) (3 10) (26 24) (45 25) (16 46) (11 43) (34 45) (13 20) (32 44) (29 15) (24 9) (21 23) (20 11) (1 34) (25 21) (18 4) (37 42) (15 37) (14 19) (12 5) (4 35) (6 29) (38 28) (10 6) (9 40) (8 31) (23 39) (7 12) (5 36) (2 33) (0 8) (44 17) (22 38) (41 2) (46 47)],69.0
48cities_avg10_std08_16,floatingpoint,47102,[(2 15) (33 37) (15 11) (9 40) (35 36) (8 31) (36 30) (0 8) (3 24) (27 4) (18 35) (4 19) (34 45) (12 5) (21 23) (26 29) (46 47) (20 10) (43 0) (1 34) (17 22) (37 42) (16 46) (39 41) (6 26) (30 7) (28 18) (41 2) (5 20) (13 14) (25 21) (14 12) (7 3) (23 39) (40 13) (32 44) (47 27) (19 1) (24 9) (10 6) (42 16) (45 25) (31 32) (22 38) (38 28) (44 17) (11 43) (29 33)],72.99455407267742
48cities_avg10_std08_31,integer,813,[(4 8) (36 26) (33 0) (22 34) (47 16) (25 41) (0 18) (46 1) (31 4) (41 33) (34 27) (45 46) (14 15) (30 3) (40 36) (39 35) (32 19) (26 44) (8 30) (35 20) (37 29) (29 21) (43 6) (38 43) (15 40) (3 28) (28 25) (27 24) (24 32) (17 12) (5 39) (23 2) (21 45) (19 14) (42 17) (16 7) (9 11) (12 10) (11 23) (18 22) (2 42) (1 38) (10 5) (7 9) (6 47) (20 31) (13 37) (44 13)],75.0
48cities_avg10_std08_31,floatingpoint,8737,[(0 1) (33 26) (9 11) (26 40) (23 44) (32 19) (25 41) (27 2) (31 0) (44 37) (22 34) (1 38) (13 35) (39 12) (17 24) (36 10) (14 15) (4 13) (40 8) (30 36) (46 3) (5 39) (12 46) (45 33) (41 4) (2 42) (10 5) (24 32) (35 20) (29 21) (21 45) (8 30) (37 29) (34 27) (38 43) (43 6) (19 14) (42 17) (16 7) (6 47) (11 23) (18 22) (28 25) (7 9) (20 31) (47 16) (3 18) (15 28)],76.00749709730441
48cities_avg10_std08_47,integer,1800,[(31 37) (30 5) (23 16) (16 10) (36 44) (4 13) (33 42) (34 40) (29 1) (43 29) (13 2) (27 14) (0 24) (46 30) (44 17) (40 3) (37 33) (24 32) (9 0) (22 46) (21 6) (20 26) (32 21) (45 4) (35 43) (19 27) (18 7) (17 8) (8 22) (15 34) (14 11) (12 9) (11 31) (28 12) (10 19) (42 39) (7 28) (38 36) (5 45) (6 47) (3 20) (1 41) (25 18) (39 35) (26 23) (2 25) (41 38) (47 15)],74.0
48cities_avg10_std08_47,floatingpoint,25863,[(43 29) (32 21) (24 32) (36 44) (35 43) (29 1) (20 26) (34 40) (16 10) (30 5) (9 0) (44 31) (37 33) (4 13) (11 24) (5 45) (8 16) (41 38) (6 47) (12 22) (3 9) (15 20) (23 34) (28 12) (33 42) (7 37) (18 28) (40 7) (19 27) (45 3) (14 11) (13 2) (42 39) (0 17) (1 41) (22 46) (47 15) (31 4) (26 23) (38 36) (17 8) (46 30) (27 14) (25 18) (39 35) (2 25) (10 19) (21 6)],80.38894767381184
48cities_avg10_std08_24,integer,774,[(38 34) (14 11) (41 10) (18 31) (10 1) (26 36) (7 13) (43 22) (44 30) (46 14) (31 6) (27 44) (4 23) (37 18) (9 39) (40 29) (19 37) (39 5) (36 9) (35 32) (45 19) (33 25) (8 40) (32 24) (22 4) (17 16) (16 45) (5 27) (28 41) (25 3) (24 2) (23 46) (21 43) (20 15) (15 38) (13 42) (11 26) (1 12) (30 33) (6 20) (29 7) (3 47) (0 8) (47 0) (12 35) (2 17) (34 21) (42 28)],75.0
48cities_avg10_std08_24,floatingpoint,12317,[(4 23) (31 6) (14 27) (38 34) (37 11) (11 44) (5 25) (17 16) (42 45) (26 36) (19 1) (18 31) (41 10) (7 13) (34 21) (27 28) (22 4) (8 40) (24 2) (33 37) (9 18) (46 14) (23 46) (21 43) (13 26) (10 42) (16 41) (3 47) (44 30) (32 24) (28 5) (36 9) (29 7) (12 35) (39 20) (6 33) (30 12) (35 32) (45 19) (25 3) (15 38) (0 8) (43 22) (20 15) (2 17) (47 0) (1 39) (40 29)],78.41605331314844
48cities_avg10_std08_33,integer,6330,[(47 45) (13 42) (4 16) (30 1) (7 20) (46 22) (36 3) (10 32) (19 4) (15 44) (20 31) (22 24) (43 25) (40 7) (8 41) (44 43) (9 14) (25 5) (33 29) (21 19) (1 46) (42 18) (41 23) (14 33) (39 27) (38 39) (32 36) (17 9) (35 17) (34 6) (31 0) (28 37) (16 2) (29 21) (27 47) (24 35) (23 34) (18 40) (12 10) (11 28) (6 11) (5 26) (3 30) (2 8) (0 15) (26 12) (37 38) (45 13)],72.0
48cities_avg10_std08_33,floatingpoint,32421,[(4 1) (9 12) (19 29) (22 44) (10 32) (15 39) (47 45) (0 15) (5 24) (26 21) (29 2) (16 31) (23 34) (32 36) (8 7) (30 3) (7 20) (14 33) (27 47) (36 22) (46 30) (3 41) (24 35) (21 19) (28 37) (20 4) (13 42) (43 16) (45 13) (34 6) (40 26) (17 9) (12 10) (18 40) (41 23) (6 11) (44 43) (11 28) (1 46) (37 38) (39 27) (42 18) (35 17) (31 0) (38 25) (2 8) (25 14) (33 5)],71.3834955383699
48cities_avg10_std08_19,integer,9978,[(24 35) (36 40) (47 23) (9 36) (42 7) (20 10) (45 9) (23 5) (29 32) (43 44) (30 8) (14 4) (40 12) (33 6) (0 31) (1 16) (41 37) (44 26) (18 45) (38 24) (26 0) (4 19) (37 1) (35 47) (34 33) (32 38) (31 25) (17 14) (19 30) (28 46) (27 39) (46 2) (25 27) (22 41) (21 18) (16 28) (12 15) (11 3) (2 13) (10 42) (8 22) (5 21) (3 29) (15 43) (13 34) (6 20) (7 11) (39 17)],70.0
48cities_avg10_std08_19,floatingpoint,36804,[(20 10) (4 36) (23 11) (39 17) (46 2) (29 27) (34 32) (25 13) (2 33) (42 22) (8 4) (11 3) (21 18) (5 21) (36 7) (27 0) (31 39) (30 8) (28 30) (14 6) (3 46) (1 16) (7 29) (12 15) (32 38) (47 23) (24 40) (44 45) (22 41) (18 37) (41 44) (43 5) (10 42) (40 12) (17 25) (19 14) (16 28) (13 34) (6 20) (9 35) (33 31) (15 43) (38 24) (37 1) (26 19) (0 26) (35 47) (45 9)],74.32650955065212
48cities_avg10_std08_25,integer,1998,[(30 40) (25 23) (38 43) (0 11) (37 36) (33 13) (36 0) (24 6) (18 10) (4 8) (44 41) (31 29) (21 14) (14 35) (47 28) (46 1) (39 4) (34 3) (45 38) (32 18) (29 46) (22 39) (28 16) (27 45) (11 24) (26 15) (9 31) (5 2) (35 9) (17 19) (16 34) (19 5) (13 17) (20 44) (12 25) (10 47) (6 30) (3 37) (8 7) (2 27) (1 26) (41 21) (40 33) (23 20) (15 22) (7 32) (42 12) (43 42)],72.0
48cities_avg10_std08_25,floatingpoint,10131,[(14 29) (31 14) (26 24) (44 36) (36 8) (34 3) (43 12) (0 43) (20 5) (4 41) (10 47) (18 10) (30 42) (25 19) (27 45) (38 40) (21 16) (1 26) (13 30) (6 0) (22 39) (28 1) (7 32) (23 44) (3 20) (46 28) (2 27) (32 18) (11 37) (33 13) (24 6) (19 17) (17 9) (5 31) (35 2) (9 35) (41 21) (39 4) (45 38) (29 46) (12 25) (47 15) (16 34) (8 7) (40 33) (15 22) (37 23) (42 11)],76.13083019902753
48cities_avg10_std08_42,integer,2900,[(47 7) (43 15) (44 27) (41 20) (23 31) (46 4) (15 10) (22 9) (24 33) (16 44) (40 5) (38 18) (39 11) (37 40) (31 21) (45 37) (29 30) (17 34) (14 8) (13 32) (12 26) (6 2) (28 24) (19 25) (36 28) (34 42) (3 1) (33 3) (11 12) (30 23) (27 39) (26 6) (35 17) (20 22) (25 0) (21 36) (18 43) (10 13) (5 16) (9 14) (8 38) (7 29) (4 47) (0 46) (2 35) (1 45) (32 19) (42 41)],80.0
48cities_avg10_std08_42,floatingpoint,7586,[(19 15) (27 39) (11 12) (5 16) (14 8) (30 23) (17 34) (38 18) (15 13) (24 10) (12 26) (4 33) (36 28) (46 25) (37 40) (25 47) (10 0) (33 3) (42 41) (16 44) (35 17) (43 36) (20 22) (0 46) (6 2) (21 29) (23 31) (22 9) (7 38) (8 7) (39 11) (44 27) (32 1) (45 37) (29 30) (18 43) (41 20) (28 21) (31 19) (34 42) (1 45) (2 4) (3 35) (26 6) (40 5) (9 14) (13 24) (47 32)],78.64015455669399
48cities_avg10_std08_35,integer,200,[(28 0) (23 46) (25 26) (36 34) (18 27) (35 25) (19 8) (40 3) (26 32) (44 13) (9 23) (7 35) (46 43) (21 19) (17 11) (6 9) (42 30) (1 29) (0 5) (45 20) (41 6) (39 22) (37 7) (34 15) (29 17) (13 39) (32 44) (33 16) (24 21) (22 4) (14 47) (15 14) (30 2) (11 38) (38 37) (10 36) (8 31) (12 10) (5 18) (4 40) (3 42) (47 28) (27 1) (20 33) (16 41) (2 24) (31 45) (43 12)],71.0
48cities_avg10_std08_35,floatingpoint,3649,[(26 8) (19 46) (23 35) (7 34) (36 23) (9 13) (44 12) (41 6) (10 36) (18 3) (31 27) (34 15) (25 26) (45 20) (21 19) (17 11) (28 45) (6 9) (46 43) (32 44) (29 17) (13 39) (33 16) (30 2) (35 25) (43 0) (3 42) (14 47) (5 18) (24 21) (22 4) (4 40) (42 30) (1 29) (38 37) (11 38) (27 1) (8 31) (2 24) (37 7) (15 14) (39 22) (16 41) (20 33) (47 28) (12 10) (0 32) (40 5)],72.87690837364185
48cities_avg10_std08_40,integer,21906,[(2 7) (41 10) (45 40) (0 27) (46 11) (39 35) (14 4) (10 14) (22 29) (31 1) (6 31) (44 22) (47 19) (7 28) (20 2) (34 9) (42 15) (32 25) (38 21) (37 39) (36 20) (13 0) (27 8) (4 26) (33 45) (35 16) (30 46) (25 18) (17 42) (29 24) (26 3) (11 13) (24 41) (40 37) (21 44) (23 33) (19 43) (16 5) (15 6) (9 17) (8 47) (5 38) (3 36) (1 12) (28 32) (12 30) (18 34) (43 23)],72.0
48cities_avg10_std08_40,floatingpoint,7351,[(2 7) (4 26) (46 11) (41 10) (11 14) (10 40) (32 25) (45 31) (40 39) (37 41) (24 13) (27 8) (23 33) (5 38) (20 19) (47 5) (25 18) (29 42) (30 46) (0 27) (17 4) (35 16) (16 17) (44 22) (21 44) (14 6) (19 43) (9 21) (8 47) (42 15) (15 35) (1 12) (43 34) (26 3) (7 28) (18 23) (33 45) (36 20) (31 1) (12 30) (6 9) (34 2) (39 29) (22 37) (28 32) (13 0) (3 24) (38 36)],74.79191450680887
48cities_avg10_std08_13,integer,3364,[(38 4) (44 13) (46 22) (3 19) (16 30) (18 34) (5 45) (10 33) (37 32) (35 16) (26 3) (23 29) (45 15) (4 41) (9 20) (7 36) (43 6) (36 14) (34 31) (40 43) (30 10) (32 2) (31 7) (33 37) (29 25) (27 44) (41 0) (25 38) (22 8) (42 12) (21 46) (20 5) (19 23) (17 9) (15 24) (47 21) (14 26) (13 35) (12 17) (11 18) (8 39) (6 28) (2 1) (0 40) (39 11) (1 42) (24 47) (28 27)],67.0
48cities_avg10_std08_13,floatingpoint,36057,[(46 22) (27 32) (34 33) (42 31) (18 44) (10 34) (24 47) (37 23) (21 46) (32 2) (40 43) (6 28) (20 5) (28 27) (7 36) (26 3) (19 41) (23 29) (4 20) (13 35) (9 38) (25 16) (35 30) (16 19) (5 45) (15 24) (8 39) (3 12) (41 0) (12 17) (38 4) (17 9) (45 15) (0 40) (22 8) (47 21) (14 26) (2 1) (11 18) (31 7) (39 11) (1 42) (30 10) (33 37) (29 25) (44 13) (36 14) (43 6)],70.49871529904279
48cities_avg10_std08_28,integer,9491,[(3 19) (16 41) (32 2) (47 36) (44 34) (17 7) (45 43) (40 13) (41 26) (20 22) (39 23) (36 38) (19 46) (31 47) (9 1) (26 45) (22 27) (8 28) (13 17) (11 20) (10 37) (2 30) (14 4) (46 25) (33 5) (1 14) (28 32) (43 40) (42 12) (37 42) (38 24) (4 3) (35 29) (23 31) (30 0) (29 21) (21 6) (25 33) (18 9) (15 11) (7 35) (6 44) (34 8) (5 10) (0 18) (27 39) (12 15) (24 16)],82.0
48cities_avg10_std08_28,floatingpoint,12125,[(33 5) (43 40) (39 23) (18 45) (21 43) (17 46) (31 47) (46 10) (47 36) (36 38) (5 6) (30 0) (23 31) (26 20) (19 12) (14 4) (10 18) (6 44) (45 14) (1 25) (9 1) (24 16) (12 15) (20 22) (15 11) (11 37) (13 17) (22 27) (25 33) (42 9) (28 32) (40 13) (8 28) (44 34) (7 35) (41 26) (0 7) (27 39) (32 2) (4 3) (35 29) (34 8) (2 30) (37 42) (38 24) (29 21) (3 41) (16 19)],81.18249677260344
48cities_avg10_std08_2,integer,7796,[(39 26) (4 19) (25 15) (43 20) (34 28) (22 24) (12 25) (16 27) (2 8) (1 21) (47 1) (18 43) (35 29) (46 42) (28 5) (15 7) (27 41) (44 3) (41 11) (40 39) (38 22) (3 32) (36 35) (11 6) (33 9) (19 30) (32 38) (6 0) (31 33) (30 10) (29 14) (26 16) (37 47) (23 34) (21 36) (17 31) (13 23) (9 4) (10 2) (8 12) (7 45) (5 17) (24 13) (0 44) (42 18) (14 46) (20 40) (45 37)],76.0
48cities_avg10_std08_2,floatingpoint,185382,[(44 3) (27 41) (17 7) (43 20) (5 17) (19 21) (23 45) (39 19) (16 34) (34 27) (18 6) (11 24) (15 43) (1 8) (12 25) (2 31) (25 15) (20 26) (13 23) (28 5) (41 11) (47 1) (0 44) (35 29) (7 38) (46 42) (26 16) (40 39) (30 10) (22 32) (21 36) (32 30) (24 13) (10 2) (3 33) (37 47) (33 9) (8 12) (31 0) (6 28) (42 18) (9 4) (14 46) (29 14) (36 35) (38 22) (4 37) (45 40)],77.84894817061438
48cities_avg10_std08_20,integer,767,[(20 17) (24 7) (42 38) (29 16) (22 6) (4 27) (12 9) (3 19) (0 20) (46 1) (7 18) (13 40) (43 13) (47 14) (37 2) (33 41) (45 33) (34 32) (19 22) (35 43) (44 47) (18 29) (41 10) (40 4) (39 35) (5 37) (30 12) (38 23) (36 26) (32 39) (9 15) (31 25) (26 0) (25 8) (16 34) (1 21) (17 11) (27 45) (15 5) (14 30) (11 31) (6 36) (2 24) (28 44) (10 42) (8 28) (21 3) (23 46)],70.0
48cities_avg10_std08_20,floatingpoint,13476,[(21 3) (18 10) (20 17) (41 43) (4 27) (22 6) (23 20) (0 38) (29 16) (28 44) (32 12) (15 8) (5 37) (27 5) (42 45) (25 13) (43 32) (34 14) (13 40) (47 21) (33 41) (1 2) (12 9) (17 11) (46 39) (3 19) (19 1) (14 30) (44 47) (35 22) (16 34) (40 4) (31 25) (10 42) (11 31) (37 33) (26 0) (30 46) (24 7) (6 36) (7 18) (9 15) (2 24) (38 23) (36 26) (8 28) (39 35) (45 29)],73.06462171710629
48cities_avg10_std08_8,integer,314,[(19 39) (36 9) (7 21) (42 43) (43 27) (45 6) (47 42) (4 33) (2 1) (17 32) (16 34) (31 11) (22 16) (1 37) (0 30) (46 40) (8 41) (40 28) (39 5) (32 18) (18 22) (24 36) (38 25) (44 29) (20 12) (37 4) (41 10) (35 14) (13 45) (10 17) (28 2) (34 26) (30 47) (29 23) (27 3) (26 38) (23 46) (21 15) (3 20) (15 24) (14 19) (12 44) (11 7) (9 13) (6 0) (5 8) (25 31) (33 35)],69.0
48cities_avg10_std08_8,floatingpoint,11623,[(42 43) (36 41) (7 21) (8 39) (33 31) (25 35) (2 42) (47 33) (43 27) (19 1) (0 30) (16 34) (17 32) (20 12) (37 4) (11 2) (28 45) (9 47) (22 13) (35 14) (34 26) (24 36) (39 18) (18 22) (45 5) (15 24) (40 28) (27 3) (1 16) (30 19) (26 7) (31 11) (32 37) (3 20) (44 29) (14 9) (38 25) (10 17) (21 15) (5 8) (13 6) (41 10) (23 46) (46 40) (6 0) (12 44) (4 38) (29 23)],70.94451678953799
48cities_avg10_std30_25,integer,321,[(45 46) (44 45) (43 44) (42 41) (41 43) (40 42) (39 38) (38 40) (37 39) (36 37) (35 36) (34 33) (33 32) (32 31) (31 29) (30 35) (29 27) (28 30) (27 26) (26 25) (25 24) (24 19) (23 28) (22 23) (21 20) (20 22) (19 18) (18 12) (17 21) (16 17) (15 16) (14 15) (13 8) (12 13) (11 14) (10 11) (9 10) (8 1) (7 9) (6 7) (5 6) (4 3) (3 0) (2 5) (1 4) (0 2) (46 47) (47 34)],0.0
48cities_avg10_std30_25,floatingpoint,12459,[(2 16) (30 35) (39 21) (8 40) (47 3) (7 17) (1 36) (46 7) (45 32) (24 43) (9 15) (14 6) (19 24) (17 9) (33 23) (29 37) (37 2) (21 20) (25 34) (6 18) (10 29) (31 30) (11 26) (38 1) (12 42) (26 31) (4 38) (27 47) (3 5) (13 14) (20 22) (34 13) (0 28) (42 11) (36 25) (40 4) (15 8) (16 0) (23 19) (22 46) (28 12) (32 39) (44 33) (43 41) (41 10) (18 44) (5 45) (35 27)],0.024187194138689444
48cities_avg10_std30_32,integer,321,[(45 40) (44 43) (43 46) (42 44) (41 42) (40 32) (39 41) (38 39) (37 38) (36 37) (35 36) (34 35) (33 34) (32 30) (31 33) (30 22) (29 31) (28 29) (27 28) (26 27) (25 24) (24 26) (23 25) (22 16) (21 23) (20 19) (19 21) (18 20) (17 18) (16 15) (15 7) (14 17) (13 14) (12 13) (11 12) (10 11) (9 10) (8 9) (7 3) (6 8) (5 6) (4 5) (3 2) (2 0) (1 4) (0 1) (46 47) (47 45)],0.0
48cities_avg10_std30_32,floatingpoint,2533,[(4 31) (27 13) (12 11) (40 12) (26 14) (44 34) (20 33) (35 3) (28 39) (31 7) (33 28) (24 43) (46 0) (41 30) (29 26) (22 32) (10 42) (2 5) (1 35) (36 1) (3 45) (18 22) (5 18) (39 17) (42 23) (34 19) (8 37) (30 40) (0 24) (9 10) (23 6) (7 46) (14 44) (25 41) (45 8) (6 21) (47 15) (19 27) (38 36) (32 16) (11 4) (21 25) (16 47) (15 9) (43 29) (13 20) (17 38) (37 2)],0.023275208948922762
48cities_avg10_std30_40,integer,321,[(44 45) (45 46) (43 44) (42 43) (41 42) (40 38) (39 41) (38 34) (37 36) (36 39) (35 37) (34 31) (33 35) (32 24) (31 32) (30 33) (29 30) (28 29) (27 28) (26 27) (25 26) (24 11) (23 25) (22 23) (21 22) (20 21) (19 20) (18 19) (17 18) (16 17) (15 16) (14 15) (13 14) (12 13) (11 10) (10 5) (9 12) (8 9) (7 8) (6 7) (5 3) (4 6) (3 2) (2 0) (1 4) (0 1) (46 47) (47 40)],0.0
48cities_avg10_std30_40,floatingpoint,1683,[(9 36) (40 45) (2 12) (34 46) (31 0) (43 38) (4 40) (22 11) (6 14) (10 3) (19 22) (35 31) (39 41) (47 4) (41 35) (25 24) (21 23) (1 43) (3 19) (46 30) (27 2) (17 29) (23 34) (37 26) (0 7) (14 42) (18 28) (42 9) (11 32) (5 8) (15 44) (33 18) (20 15) (16 17) (7 37) (24 39) (44 10) (28 27) (45 33) (12 25) (26 20) (13 16) (38 5) (29 6) (32 1) (36 21) (8 13) (30 47)],0.01591236882455219
48cities_avg10_std30_47,integer,321,[(43 45) (45 41) (47 34) (42 46) (41 44) (40 42) (39 40) (38 39) (37 36) (36 38) (35 37) (34 30) (33 35) (32 33) (31 32) (30 26) (29 31) (28 29) (27 28) (26 13) (25 27) (24 25) (23 24) (22 23) (21 22) (20 21) (19 20) (18 19) (17 18) (16 17) (15 16) (14 15) (13 4) (12 14) (11 12) (10 11) (9 10) (8 9) (7 8) (6 7) (5 6) (4 0) (3 5) (2 1) (1 3) (0 2) (44 47) (46 43)],0.0
48cities_avg10_std30_47,floatingpoint,2030,[(30 31) (37 34) (35 44) (19 8) (47 21) (3 36) (10 45) (28 9) (36 32) (39 27) (5 37) (20 46) (29 47) (6 7) (46 12) (31 29) (41 22) (12 25) (42 23) (33 41) (23 16) (21 43) (44 2) (24 42) (2 5) (18 39) (26 4) (25 15) (32 30) (34 13) (4 0) (16 3) (22 24) (17 26) (14 11) (9 19) (11 28) (27 20) (13 10) (7 35) (0 38) (15 33) (45 18) (43 17) (38 1) (40 14) (1 40) (8 6)],0.026681590744727805
48cities_avg10_std30_31,integer,321,[(46 47) (44 41) (43 38) (42 45) (41 43) (40 42) (39 40) (38 34) (37 39) (36 37) (35 36) (34 33) (33 22) (32 35) (31 32) (30 28) (29 30) (28 31) (27 29) (26 27) (25 26) (24 25) (23 24) (22 9) (21 23) (20 21) (19 20) (18 17) (17 19) (16 15) (15 18) (14 16) (13 12) (12 14) (11 13) (10 11) (9 4) (8 7) (7 10) (6 8) (5 6) (4 2) (3 1) (2 0) (1 5) (0 3) (45 46) (47 44)],0.0
48cities_avg10_std30_31,floatingpoint,20397,[(29 3) (39 44) (6 41) (41 24) (35 23) (3 22) (5 28) (13 45) (11 33) (45 36) (21 27) (34 11) (2 9) (7 37) (0 30) (17 14) (10 29) (31 34) (1 43) (19 10) (12 0) (46 40) (25 31) (14 16) (30 47) (28 42) (4 1) (47 13) (24 4) (18 2) (37 12) (40 38) (27 8) (16 5) (44 46) (9 25) (22 17) (26 35) (36 21) (23 15) (38 32) (8 18) (42 20) (43 19) (32 7) (20 26) (15 39) (33 6)],0.02512424451963603
48cities_avg10_std30_2,integer,321,[(44 45) (43 44) (45 46) (42 43) (41 42) (40 41) (39 33) (38 40) (37 38) (36 37) (35 36) (34 35) (33 22) (32 34) (31 32) (30 31) (29 30) (28 26) (27 28) (26 29) (25 27) (24 23) (23 21) (22 24) (21 16) (20 25) (19 20) (18 19) (17 18) (16 15) (15 10) (14 17) (13 14) (12 13) (11 12) (10 8) (9 11) (8 7) (7 4) (6 9) (5 6) (4 2) (3 5) (2 0) (1 3) (0 1) (46 47) (47 39)],0.0
48cities_avg10_std30_2,floatingpoint,3410,[(35 31) (0 41) (27 7) (4 26) (11 18) (23 34) (16 3) (41 6) (47 39) (45 32) (5 15) (22 25) (25 35) (12 36) (8 14) (20 13) (36 5) (19 43) (10 24) (31 47) (24 37) (33 2) (34 44) (6 20) (32 29) (14 33) (43 0) (30 9) (38 12) (21 28) (9 17) (2 22) (7 16) (29 23) (40 42) (13 10) (18 40) (42 30) (15 8) (28 1) (1 45) (3 11) (39 19) (17 21) (37 46) (44 4) (26 38) (46 27)],0.028284379526086954
48cities_avg10_std30_48,integer,321,[(45 46) (44 41) (43 45) (42 43) (41 39) (40 42) (39 37) (38 40) (37 27) (36 38) (35 36) (34 35) (33 34) (32 33) (31 32) (30 31) (29 30) (28 29) (27 26) (26 23) (25 28) (24 25) (23 16) (22 24) (21 22) (20 21) (19 20) (18 19) (17 18) (16 15) (15 14) (14 8) (13 17) (12 13) (11 12) (10 11) (9 2) (8 9) (7 10) (6 7) (5 6) (4 3) (3 0) (2 1) (1 4) (0 5) (46 47) (47 44)],0.0
48cities_avg10_std30_48,floatingpoint,6087,[(29 35) (19 23) (15 13) (24 6) (37 14) (25 43) (47 32) (38 18) (46 12) (18 28) (33 47) (14 19) (36 40) (5 33) (0 20) (4 25) (44 26) (10 5) (40 7) (13 27) (7 38) (12 31) (34 22) (2 4) (21 41) (17 37) (30 45) (28 17) (26 15) (23 44) (22 0) (11 29) (20 11) (45 39) (41 9) (43 10) (31 36) (1 30) (27 3) (8 16) (6 8) (9 1) (16 21) (32 46) (39 42) (42 34) (3 24) (35 2)],0.02671506346212867
48cities_avg10_std30_50,integer,321,[(45 46) (44 45) (43 44) (42 43) (41 42) (40 41) (39 40) (38 39) (37 35) (36 37) (35 30) (34 38) (33 34) (32 33) (31 32) (30 23) (29 31) (28 29) (27 28) (26 27) (25 26) (24 22) (23 19) (22 25) (21 20) (20 24) (19 3) (18 17) (17 21) (16 18) (15 16) (14 15) (13 12) (12 14) (11 13) (10 9) (9 11) (8 10) (7 8) (6 5) (5 7) (4 6) (3 2) (2 0) (1 4) (0 1) (46 47) (47 36)],0.0
48cities_avg10_std30_50,floatingpoint,5202,[(24 25) (42 26) (4 14) (28 41) (13 36) (2 37) (17 28) (16 29) (23 34) (19 45) (11 17) (36 38) (25 47) (33 4) (0 1) (26 21) (22 31) (46 6) (38 2) (1 18) (15 43) (10 13) (18 9) (31 20) (9 35) (3 44) (21 40) (8 10) (41 32) (32 42) (12 5) (20 12) (43 19) (7 23) (35 46) (34 8) (29 0) (44 16) (37 11) (40 30) (5 7) (27 24) (30 33) (39 22) (6 39) (47 15) (14 27) (45 3)],0.03310322590264925
48cities_avg10_std30_12,integer,321,[(45 47) (44 38) (43 45) (42 41) (41 43) (40 42) (39 40) (38 33) (37 39) (36 34) (35 37) (34 35) (33 29) (32 36) (31 32) (30 31) (29 20) (28 30) (27 28) (26 23) (25 27) (24 25) (23 24) (22 26) (21 22) (20 12) (19 18) (18 21) (17 16) (16 19) (15 17) (14 13) (13 15) (12 11) (11 7) (10 14) (9 10) (8 9) (7 2) (6 8) (5 3) (4 6) (3 4) (2 0) (1 5) (0 1) (46 44) (47 46)],0.0
48cities_avg10_std30_12,floatingpoint,4818,[(27 33) (17 38) (24 27) (43 12) (20 6) (7 32) (44 43) (18 3) (31 18) (41 21) (45 42) (29 47) (11 0) (38 35) (12 25) (5 22) (35 5) (10 16) (37 45) (19 17) (15 9) (2 8) (3 20) (33 34) (16 44) (39 46) (25 7) (1 11) (6 15) (21 36) (13 4) (40 37) (42 29) (47 1) (14 13) (8 19) (46 41) (0 31) (32 39) (36 40) (26 10) (9 2) (22 28) (4 24) (34 26) (28 30) (23 14) (30 23)],0.027556500191066993
48cities_avg10_std30_20,integer,321,[(45 46) (44 45) (43 42) (42 44) (41 40) (40 38) (39 43) (38 36) (37 39) (36 35) (35 32) (34 37) (33 34) (32 14) (31 33) (30 31) (29 26) (28 30) (27 29) (26 28) (25 27) (24 25) (23 24) (22 23) (21 22) (20 21) (19 20) (18 19) (17 18) (16 17) (15 16) (14 9) (13 15) (12 13) (11 10) (10 12) (9 8) (8 3) (7 11) (6 7) (5 6) (4 5) (3 2) (2 0) (1 4) (0 1) (46 47) (47 41)],0.0
48cities_avg10_std30_20,floatingpoint,559,[(11 36) (8 11) (26 18) (18 35) (40 13) (36 14) (43 10) (29 6) (23 7) (19 25) (33 0) (25 5) (4 37) (9 31) (12 21) (20 32) (47 28) (39 12) (7 20) (3 2) (44 8) (1 4) (45 23) (34 45) (22 47) (27 22) (42 16) (16 15) (15 24) (28 39) (32 29) (41 17) (37 40) (14 34) (21 46) (35 30) (13 3) (2 26) (24 41) (31 33) (6 9) (30 43) (0 27) (38 1) (10 19) (5 44) (17 38) (46 42)],0.02533010684482882
48cities_avg10_std30_18,integer,321,[(46 44) (44 41) (43 46) (42 45) (41 40) (40 39) (39 38) (38 35) (37 42) (36 37) (35 31) (34 36) (33 34) (32 33) (31 29) (30 32) (29 22) (28 30) (27 28) (26 27) (25 26) (24 25) (23 24) (22 20) (21 23) (20 16) (19 21) (18 19) (17 18) (16 14) (15 17) (14 7) (13 15) (12 13) (11 12) (10 11) (9 10) (8 9) (7 5) (6 8) (5 3) (4 6) (3 2) (2 0) (1 4) (0 1) (45 47) (47 43)],0.0
48cities_avg10_std30_18,floatingpoint,14761,[(13 22) (6 8) (19 40) (44 36) (30 33) (45 37) (12 4) (42 0) (47 7) (23 32) (10 1) (1 3) (21 20) (18 26) (31 43) (25 31) (22 41) (35 42) (40 11) (11 16) (17 25) (20 46) (28 38) (7 27) (24 13) (0 23) (3 24) (41 39) (27 44) (5 15) (37 6) (43 35) (36 2) (34 30) (32 21) (9 29) (14 5) (26 17) (29 10) (16 45) (33 18) (38 47) (39 34) (8 12) (4 28) (2 14) (15 9) (46 19)],0.027384348014217894
48cities_avg10_std30_35,integer,321,[(45 46) (44 36) (43 45) (42 43) (41 39) (40 41) (39 42) (38 40) (37 38) (36 23) (35 34) (34 37) (33 35) (32 33) (31 32) (30 31) (29 30) (28 29) (27 28) (26 27) (25 24) (24 26) (23 16) (22 25) (21 22) (20 21) (19 20) (18 19) (17 15) (16 14) (15 18) (14 13) (13 11) (12 17) (11 8) (10 12) (9 4) (8 9) (7 10) (6 7) (5 6) (4 3) (3 2) (2 0) (1 5) (0 1) (46 47) (47 44)],0.0
48cities_avg10_std30_35,floatingpoint,9230,[(22 13) (26 24) (46 23) (9 11) (6 10) (13 36) (10 12) (27 42) (44 3) (39 37) (38 19) (45 7) (35 40) (43 0) (0 2) (18 41) (20 46) (12 9) (17 14) (16 8) (1 43) (42 39) (28 32) (4 38) (23 1) (21 5) (40 34) (24 27) (36 30) (34 45) (2 15) (14 22) (5 33) (25 16) (29 28) (47 18) (37 47) (19 21) (8 6) (7 44) (30 4) (3 20) (32 25) (31 26) (41 29) (11 17) (15 31) (33 35)],0.029421373634368454
48cities_avg10_std30_49,integer,321,[(46 40) (44 45) (43 44) (42 43) (41 42) (40 36) (39 41) (38 24) (37 38) (36 37) (35 39) (34 35) (33 34) (32 33) (31 32) (30 31) (29 30) (28 29) (27 28) (26 22) (25 27) (24 26) (23 25) (22 8) (21 23) (20 21) (19 20) (18 17) (17 19) (16 18) (15 16) (14 15) (13 14) (12 13) (11 12) (10 11) (9 10) (8 7) (7 4) (6 9) (5 6) (4 2) (3 5) (2 0) (1 3) (0 1) (45 47) (47 46)],0.0
48cities_avg10_std30_49,floatingpoint,8267,[(10 26) (1 31) (6 1) (41 20) (2 9) (45 47) (9 43) (12 30) (19 2) (34 3) (17 42) (16 28) (27 12) (38 46) (43 6) (7 13) (32 27) (28 37) (46 35) (39 33) (30 0) (21 41) (31 44) (3 38) (13 16) (44 24) (20 4) (42 21) (22 8) (26 34) (29 7) (8 10) (18 36) (40 5) (23 18) (47 29) (14 39) (0 15) (5 23) (4 19) (11 32) (35 17) (25 45) (36 25) (15 40) (24 14) (33 11) (37 22)],0.02608443160955954
48cities_avg10_std30_38,integer,321,[(44 45) (43 44) (41 42) (46 33) (42 43) (40 41) (39 40) (38 37) (37 39) (36 38) (35 36) (34 32) (33 34) (32 27) (31 35) (30 31) (29 30) (28 29) (27 23) (26 28) (25 26) (24 25) (23 18) (22 24) (21 22) (20 21) (19 20) (18 15) (17 19) (16 17) (15 2) (14 16) (13 14) (12 13) (11 12) (10 11) (9 10) (8 9) (7 8) (6 7) (5 6) (4 5) (3 0) (2 3) (1 4) (0 1) (45 47) (47 46)],0.0
48cities_avg10_std30_38,floatingpoint,1811,[(40 0) (25 41) (23 11) (30 45) (44 46) (45 22) (27 13) (0 10) (7 20) (38 14) (20 19) (39 47) (14 32) (3 8) (36 12) (46 38) (19 3) (28 43) (6 5) (16 33) (1 18) (29 31) (43 42) (32 36) (35 2) (17 28) (5 23) (12 16) (4 27) (31 37) (18 17) (34 26) (42 9) (33 1) (8 25) (9 35) (21 24) (41 30) (22 6) (47 15) (26 7) (37 39) (13 44) (24 4) (15 34) (2 40) (10 29) (11 21)],0.022749936154473394
48cities_avg10_std30_24,integer,321,[(45 46) (44 45) (43 44) (42 43) (41 33) (40 41) (39 42) (38 39) (37 38) (36 37) (35 36) (34 29) (33 34) (32 35) (31 32) (30 31) (29 20) (28 30) (27 28) (26 27) (25 23) (24 26) (23 24) (22 6) (21 25) (20 22) (19 21) (18 19) (17 18) (16 17) (15 16) (14 15) (13 14) (12 13) (11 12) (10 9) (9 11) (8 7) (7 10) (6 3) (5 8) (4 5) (3 2) (2 0) (1 4) (0 1) (46 47) (47 40)],0.0
48cities_avg10_std30_24,floatingpoint,3928,[(20 17) (30 25) (7 36) (1 47) (39 7) (11 10) (26 5) (10 40) (45 19) (23 34) (16 43) (8 3) (37 23) (34 29) (36 46) (29 41) (32 4) (6 2) (13 33) (41 45) (22 24) (18 22) (33 42) (24 27) (35 30) (4 38) (43 8) (17 28) (5 32) (44 26) (28 18) (38 31) (25 15) (40 9) (42 0) (46 13) (27 6) (15 14) (21 1) (31 20) (47 37) (2 21) (0 44) (9 39) (12 35) (14 16) (3 11) (19 12)],0.023749533317250097
48cities_avg10_std30_21,integer,321,[(44 36) (46 45) (42 47) (43 46) (41 42) (40 39) (39 41) (38 40) (37 38) (36 33) (35 37) (34 35) (33 31) (32 34) (31 26) (30 32) (29 30) (28 29) (27 28) (26 20) (25 27) (24 25) (23 24) (22 23) (21 22) (20 19) (19 14) (18 21) (17 18) (16 17) (15 16) (14 10) (13 0) (12 11) (11 15) (10 13) (9 12) (8 9) (7 8) (6 7) (5 6) (4 5) (3 4) (2 1) (1 3) (0 2) (45 44) (47 43)],0.0
48cities_avg10_std30_21,floatingpoint,4867,[(30 23) (24 15) (15 14) (11 35) (42 32) (47 16) (29 12) (37 6) (0 20) (33 1) (3 18) (44 13) (25 10) (39 29) (7 25) (31 17) (38 36) (10 38) (32 26) (46 4) (19 40) (23 11) (43 28) (28 21) (34 27) (4 33) (2 39) (21 31) (20 45) (9 43) (26 37) (18 22) (41 44) (1 41) (8 46) (17 42) (45 8) (35 7) (6 3) (12 19) (13 47) (40 0) (5 34) (14 9) (27 30) (16 24) (22 5) (36 2)],0.035070287557581015
48cities_avg10_std30_45,integer,321,[(44 38) (45 47) (43 44) (42 40) (40 41) (41 45) (39 42) (38 31) (37 39) (36 37) (35 36) (34 35) (33 34) (32 33) (31 29) (30 32) (29 27) (28 30) (27 24) (26 28) (25 20) (24 25) (23 26) (22 23) (21 19) (20 21) (19 0) (18 22) (17 18) (16 17) (15 16) (14 15) (13 14) (12 13) (11 12) (10 11) (9 10) (8 9) (7 8) (6 7) (5 1) (4 6) (3 4) (2 5) (1 3) (0 2) (46 43) (47 46)],0.0
48cities_avg10_std30_45,floatingpoint,9051,[(17 45) (25 39) (18 47) (3 43) (26 38) (7 1) (28 2) (35 6) (6 40) (33 23) (46 27) (12 25) (41 22) (20 8) (34 10) (29 14) (8 30) (13 46) (32 36) (21 11) (38 13) (14 31) (2 5) (0 18) (10 37) (37 29) (45 41) (5 21) (16 32) (15 42) (36 0) (47 15) (42 34) (19 4) (44 33) (31 20) (11 24) (23 3) (39 19) (24 7) (27 12) (43 35) (1 9) (40 26) (4 28) (30 17) (9 16) (22 44)],0.023523670216551183
48cities_avg10_std30_16,integer,321,[(45 42) (44 46) (43 44) (42 36) (41 43) (40 39) (39 41) (38 40) (37 38) (36 29) (35 37) (34 35) (33 34) (32 33) (31 27) (30 32) (29 31) (28 30) (27 24) (26 28) (25 26) (24 20) (23 25) (22 21) (21 23) (20 15) (19 22) (18 19) (17 18) (16 17) (15 5) (14 13) (13 16) (12 14) (11 12) (10 11) (9 10) (8 9) (7 8) (6 2) (5 6) (4 7) (3 4) (2 0) (1 3) (0 1) (46 47) (47 45)],0.0
48cities_avg10_std30_16,floatingpoint,1854,[(46 41) (26 30) (24 14) (1 39) (43 24) (3 26) (25 1) (31 8) (0 36) (13 9) (10 33) (37 16) (6 7) (4 18) (23 38) (9 34) (45 3) (18 6) (17 43) (41 13) (21 23) (20 22) (35 42) (15 2) (34 37) (8 17) (30 15) (12 45) (16 20) (11 27) (40 25) (29 11) (5 44) (19 32) (27 46) (7 12) (14 29) (28 19) (39 4) (38 40) (33 35) (44 10) (47 21) (36 31) (22 5) (42 28) (2 0) (32 47)],0.02594843781219105
48cities_avg10_std30_3,integer,321,[(45 47) (44 45) (43 36) (42 43) (41 44) (40 41) (39 40) (38 39) (37 38) (36 28) (35 37) (34 35) (33 34) (32 31) (31 33) (30 32) (29 30) (28 21) (27 29) (26 27) (25 26) (24 25) (23 24) (22 23) (21 20) (20 19) (19 9) (18 22) (17 18) (16 17) (15 16) (14 15) (13 14) (12 13) (11 12) (10 11) (9 4) (8 10) (7 8) (6 5) (5 7) (4 0) (3 6) (2 1) (1 3) (0 2) (46 42) (47 46)],0.0
48cities_avg10_std30_3,floatingpoint,37849,[(5 7) (4 41) (2 37) (3 17) (12 21) (7 45) (34 44) (21 5) (44 27) (40 30) (1 35) (28 10) (26 36) (46 47) (13 38) (11 40) (24 42) (47 12) (33 29) (38 19) (15 26) (36 31) (14 32) (18 16) (9 22) (31 11) (25 18) (29 28) (41 8) (27 13) (16 34) (32 23) (35 20) (23 4) (39 1) (19 15) (6 43) (20 9) (0 14) (30 0) (8 39) (10 3) (37 33) (43 25) (45 2) (42 6) (17 24) (22 46)],0.033843860624306596
48cities_avg10_std30_22,integer,321,[(43 45) (47 33) (42 43) (41 42) (46 44) (40 41) (39 40) (38 39) (37 38) (36 37) (35 34) (34 36) (33 32) (32 24) (31 35) (30 31) (29 30) (28 29) (27 28) (26 27) (25 26) (24 22) (23 25) (22 21) (21 15) (20 23) (19 16) (18 20) (17 19) (16 18) (15 11) (14 17) (13 7) (12 14) (11 13) (10 12) (9 10) (8 9) (7 2) (6 8) (5 6) (4 5) (3 4) (2 0) (1 3) (0 1) (44 47) (45 46)],0.0
48cities_avg10_std30_22,floatingpoint,6150,[(13 30) (4 29) (47 38) (29 40) (32 23) (20 43) (44 39) (10 20) (14 28) (40 24) (23 12) (35 26) (6 37) (43 45) (15 25) (34 0) (0 21) (18 27) (8 15) (30 3) (38 42) (42 13) (25 47) (16 41) (12 19) (45 17) (5 4) (2 33) (19 8) (9 46) (27 22) (7 34) (33 35) (1 9) (41 18) (46 44) (28 36) (22 6) (31 14) (37 32) (17 1) (36 11) (24 16) (11 2) (39 5) (21 31) (3 7) (26 10)],0.03976080784738619
48cities_avg10_std30_13,integer,321,[(45 44) (43 46) (46 47) (42 39) (41 38) (40 42) (39 45) (38 29) (37 40) (36 37) (35 36) (34 35) (33 34) (32 33) (31 26) (30 32) (29 31) (28 30) (27 28) (26 23) (25 27) (24 25) (23 20) (22 24) (21 22) (20 19) (19 16) (18 17) (17 0) (16 18) (15 21) (14 15) (13 14) (12 11) (11 13) (10 12) (9 10) (8 7) (7 9) (6 8) (5 6) (4 5) (3 1) (2 3) (1 4) (0 2) (44 43) (47 41)],0.0
48cities_avg10_std30_13,floatingpoint,4036,[(9 4) (36 1) (7 39) (1 7) (14 13) (30 46) (3 16) (29 43) (28 15) (17 44) (5 14) (32 18) (22 24) (11 37) (37 41) (12 47) (39 5) (35 27) (26 35) (21 11) (6 38) (34 45) (47 33) (38 32) (24 21) (25 40) (46 22) (44 2) (2 25) (43 20) (33 28) (18 36) (8 34) (10 0) (16 19) (19 17) (45 30) (42 9) (0 31) (23 10) (13 3) (4 26) (40 29) (20 23) (27 12) (41 6) (15 8) (31 42)],0.026768686460301006
48cities_avg10_std30_14,integer,321,[(45 46) (44 45) (43 42) (42 44) (41 33) (40 43) (39 40) (38 36) (37 38) (36 39) (35 32) (34 37) (33 35) (32 30) (31 34) (30 29) (29 1) (28 31) (27 28) (26 25) (25 27) (24 26) (23 22) (22 24) (21 20) (20 23) (19 18) (18 21) (17 19) (16 17) (15 14) (14 16) (13 15) (12 11) (11 13) (10 12) (9 8) (8 10) (7 9) (6 7) (5 6) (4 2) (3 5) (2 0) (1 4) (0 3) (46 47) (47 41)],0.0
48cities_avg10_std30_14,floatingpoint,6008,[(43 38) (32 31) (2 20) (3 7) (7 37) (34 2) (20 29) (23 40) (21 28) (42 39) (17 33) (0 9) (30 17) (38 12) (16 44) (39 32) (25 14) (8 25) (40 46) (5 4) (10 22) (41 42) (47 23) (11 15) (33 35) (24 19) (31 10) (15 8) (4 6) (28 5) (13 41) (9 18) (12 3) (37 26) (27 1) (35 0) (29 13) (18 24) (22 30) (46 43) (45 34) (6 36) (36 45) (26 27) (1 11) (14 21) (19 16) (44 47)],0.031526457605432504
48cities_avg10_std30_27,integer,543,[(44 47) (46 43) (45 46) (42 44) (41 39) (40 42) (39 37) (38 40) (37 30) (36 38) (35 36) (34 35) (33 34) (32 33) (31 32) (30 28) (29 27) (28 20) (27 31) (26 29) (25 26) (24 25) (23 19) (22 23) (21 24) (20 22) (19 15) (18 21) (17 18) (16 17) (15 13) (14 16) (13 0) (12 14) (11 12) (10 11) (9 10) (8 9) (7 8) (6 7) (5 2) (4 5) (3 1) (2 6) (1 4) (0 3) (43 41) (47 45)],0.0
48cities_avg10_std30_27,floatingpoint,2645,[(0 37) (20 14) (43 33) (7 32) (17 5) (26 19) (8 46) (40 28) (35 2) (30 39) (11 40) (42 22) (39 31) (14 29) (47 44) (10 47) (25 36) (37 1) (3 10) (38 6) (21 7) (23 4) (4 0) (45 27) (24 25) (1 3) (27 11) (6 8) (41 30) (29 24) (36 35) (31 42) (44 26) (19 38) (22 17) (33 15) (46 20) (16 12) (15 18) (34 41) (32 45) (5 16) (9 23) (28 13) (12 43) (2 34) (13 9) (18 21)],0.023845463264703565
48cities_avg10_std30_11,integer,321,[(45 46) (44 45) (43 38) (42 44) (41 42) (40 41) (39 40) (38 33) (37 39) (36 37) (35 36) (34 35) (33 30) (32 34) (31 32) (30 29) (29 4) (28 31) (27 28) (26 27) (25 26) (24 25) (23 24) (22 23) (21 22) (20 21) (19 20) (18 17) (17 19) (16 18) (15 16) (14 15) (13 14) (12 13) (11 12) (10 9) (9 11) (8 10) (7 8) (6 7) (5 2) (4 0) (3 6) (2 3) (1 5) (0 1) (46 47) (47 43)],0.0
48cities_avg10_std30_11,floatingpoint,6583,[(15 20) (40 45) (30 12) (28 25) (16 5) (25 13) (11 46) (37 23) (18 39) (43 4) (36 44) (7 26) (13 40) (41 17) (35 15) (21 8) (45 0) (39 19) (12 47) (22 31) (14 22) (2 34) (47 43) (31 29) (9 24) (33 30) (6 32) (17 11) (32 21) (34 9) (42 14) (3 35) (46 27) (29 37) (10 6) (26 28) (8 1) (1 41) (4 18) (23 3) (38 16) (27 38) (20 10) (19 7) (24 36) (0 42) (5 2) (44 33)],0.02942330707257676
48cities_avg10_std30_37,integer,321,[(45 42) (43 46) (42 39) (41 44) (40 41) (44 43) (39 36) (38 40) (37 38) (36 35) (35 28) (34 37) (33 32) (32 34) (31 33) (30 31) (29 30) (28 19) (27 29) (26 27) (25 26) (24 25) (23 24) (22 21) (21 23) (20 22) (19 17) (18 20) (17 7) (16 18) (15 16) (14 15) (13 14) (12 13) (11 12) (10 11) (9 10) (8 9) (7 5) (6 8) (5 2) (4 0) (3 6) (2 4) (1 3) (0 1) (46 47) (47 45)],0.0
48cities_avg10_std30_37,floatingpoint,13571,[(41 23) (16 15) (5 3) (10 16) (6 14) (39 13) (28 17) (11 19) (24 25) (45 24) (18 36) (2 32) (33 39) (19 43) (42 4) (31 33) (20 42) (35 45) (25 12) (38 2) (9 41) (17 22) (36 8) (12 27) (47 31) (14 28) (32 47) (46 11) (0 9) (30 40) (43 37) (22 20) (7 46) (44 21) (29 7) (8 30) (1 44) (37 5) (21 6) (27 0) (15 18) (26 29) (40 26) (34 10) (3 35) (23 38) (4 34) (13 1)],0.03142473062416684
48cities_avg10_std30_42,integer,321,[(44 36) (42 45) (47 42) (43 47) (41 43) (40 41) (39 40) (38 39) (37 38) (36 32) (35 37) (34 35) (33 34) (32 30) (31 33) (30 29) (29 20) (28 31) (27 26) (26 28) (25 27) (24 25) (23 24) (22 23) (21 22) (20 7) (19 21) (18 19) (17 18) (16 17) (15 16) (14 15) (13 14) (12 13) (11 12) (10 11) (9 10) (8 9) (7 4) (6 3) (5 8) (4 6) (3 2) (2 0) (1 5) (0 1) (45 46) (46 44)],0.0
48cities_avg10_std30_42,floatingpoint,2191,[(10 18) (2 20) (15 44) (4 29) (1 39) (12 2) (3 33) (19 27) (40 45) (32 7) (39 23) (16 47) (17 42) (30 34) (29 19) (21 25) (6 3) (36 11) (41 14) (35 5) (5 37) (25 32) (37 21) (43 31) (7 10) (13 22) (0 28) (31 35) (14 24) (23 13) (34 36) (18 9) (26 43) (38 16) (42 6) (20 4) (44 40) (24 17) (33 46) (27 15) (8 30) (11 38) (45 1) (47 12) (22 26) (28 41) (9 0) (46 8)],0.02683868232441601
48cities_avg10_std30_33,integer,321,[(45 47) (44 45) (43 39) (42 44) (41 42) (40 41) (39 33) (38 40) (37 38) (36 37) (35 36) (34 35) (33 25) (32 34) (31 32) (30 31) (29 30) (28 29) (27 28) (26 27) (25 22) (24 26) (23 24) (22 18) (21 23) (20 21) (19 20) (18 17) (17 16) (16 13) (15 9) (14 19) (13 15) (12 14) (11 12) (10 11) (9 0) (8 10) (7 6) (6 8) (5 7) (4 5) (3 4) (2 1) (1 3) (0 2) (46 43) (47 46)],0.0
48cities_avg10_std30_33,floatingpoint,68597,[(42 26) (23 46) (27 2) (18 6) (0 27) (34 16) (6 33) (13 22) (41 31) (47 19) (11 25) (44 18) (31 13) (1 7) (22 38) (26 20) (5 23) (46 3) (36 12) (2 9) (28 29) (7 37) (16 17) (32 28) (14 40) (43 24) (17 30) (3 32) (37 39) (15 0) (35 34) (33 11) (21 1) (45 36) (29 47) (19 35) (25 15) (10 8) (40 41) (39 44) (4 14) (20 10) (8 4) (12 43) (30 21) (24 5) (9 42) (38 45)],0.03416877008327351
48cities_avg10_std30_44,integer,321,[(44 45) (43 39) (47 43) (42 44) (41 42) (40 41) (39 36) (38 40) (37 32) (36 37) (35 38) (34 35) (33 34) (32 31) (31 26) (30 33) (29 30) (28 19) (27 29) (26 28) (25 27) (24 25) (23 24) (22 23) (21 22) (20 21) (19 18) (18 11) (17 20) (16 17) (15 16) (14 15) (13 14) (12 13) (11 9) (10 12) (9 3) (8 10) (7 8) (6 7) (5 6) (4 0) (3 4) (2 1) (1 5) (0 2) (45 46) (46 47)],0.0
48cities_avg10_std30_44,floatingpoint,3348,[(11 25) (10 0) (26 4) (0 8) (44 29) (6 10) (34 41) (19 20) (24 46) (36 43) (21 9) (38 2) (3 1) (18 17) (40 32) (39 28) (47 31) (8 45) (17 7) (12 33) (35 12) (30 14) (9 3) (33 6) (2 21) (13 40) (15 36) (16 18) (37 24) (43 22) (46 11) (29 23) (31 19) (25 15) (32 34) (23 16) (14 35) (1 39) (41 38) (42 5) (28 30) (22 44) (27 37) (5 26) (45 27) (7 42) (4 47) (20 13)],0.023317077843808386
48cities_avg10_std30_26,integer,321,[(43 39) (42 44) (45 43) (44 47) (41 42) (40 41) (39 35) (38 40) (37 38) (36 37) (35 30) (34 36) (33 34) (32 33) (31 32) (30 24) (29 31) (28 29) (27 26) (26 25) (25 28) (24 22) (23 27) (22 21) (21 20) (20 19) (19 16) (18 23) (17 18) (16 13) (15 17) (14 12) (13 14) (12 9) (11 10) (10 15) (9 5) (8 7) (7 1) (6 11) (5 8) (4 6) (3 4) (2 0) (1 2) (0 3) (46 45) (47 46)],0.0
48cities_avg10_std30_26,floatingpoint,9300,[(45 32) (8 46) (40 37) (47 35) (39 33) (7 22) (5 38) (18 10) (34 25) (12 4) (2 39) (17 47) (6 28) (0 36) (3 12) (19 44) (23 42) (33 18) (27 20) (38 23) (43 45) (13 14) (26 16) (32 21) (15 5) (29 2) (41 40) (22 9) (21 41) (46 27) (37 6) (42 34) (10 15) (35 13) (36 1) (9 19) (24 11) (25 30) (20 26) (4 7) (44 8) (1 31) (30 17) (28 3) (16 24) (14 43) (11 0) (31 29)],0.027109810125499408
48cities_avg10_std30_23,integer,321,[(43 46) (47 44) (46 45) (42 43) (41 38) (40 42) (39 40) (38 34) (37 39) (36 37) (35 33) (34 35) (33 32) (32 28) (31 36) (30 31) (29 30) (28 20) (27 29) (26 25) (25 27) (24 26) (23 24) (22 23) (21 22) (20 19) (19 12) (18 21) (17 18) (16 17) (15 16) (14 15) (13 14) (12 5) (11 13) (10 11) (9 10) (8 9) (7 8) (6 7) (5 4) (4 2) (3 0) (2 3) (1 6) (0 1) (44 41) (45 47)],0.0
48cities_avg10_std30_23,floatingpoint,1826,[(0 11) (21 31) (3 44) (36 6) (33 26) (18 32) (46 35) (32 45) (1 14) (39 40) (22 16) (44 39) (28 36) (17 41) (2 42) (29 3) (5 15) (8 5) (7 34) (25 24) (23 46) (19 28) (13 21) (6 30) (15 23) (34 18) (47 4) (9 7) (42 37) (40 2) (31 29) (4 27) (38 33) (24 19) (45 43) (35 38) (27 17) (14 12) (10 22) (30 9) (11 13) (26 10) (37 25) (20 47) (16 1) (43 8) (12 20) (41 0)],0.028253571097383
48cities_avg10_std30_30,integer,321,[(45 47) (44 45) (43 44) (42 43) (41 42) (40 41) (39 36) (38 40) (37 38) (36 24) (35 37) (34 35) (33 34) (32 33) (31 32) (30 29) (29 31) (28 30) (27 28) (26 27) (25 26) (24 21) (23 25) (22 23) (21 20) (20 17) (19 16) (18 19) (17 18) (16 14) (15 22) (14 13) (13 11) (12 15) (11 6) (10 12) (9 10) (8 9) (7 8) (6 5) (5 1) (4 2) (3 0) (2 7) (1 3) (0 4) (46 39) (47 46)],0.0
48cities_avg10_std30_30,floatingpoint,3674,[(1 18) (29 14) (25 34) (42 7) (37 30) (39 31) (24 17) (28 19) (45 2) (14 25) (6 41) (43 1) (26 39) (4 8) (9 29) (36 37) (15 35) (20 44) (3 27) (11 4) (18 26) (35 9) (27 5) (47 3) (23 16) (2 22) (21 20) (38 0) (12 21) (13 11) (41 12) (30 15) (32 10) (10 33) (0 32) (44 47) (7 24) (17 6) (33 40) (40 13) (8 36) (31 45) (34 46) (5 23) (19 42) (16 43) (22 38) (46 28)],0.03162144180813387
48cities_avg10_std30_36,integer,321,[(46 41) (43 45) (44 46) (42 44) (41 43) (40 42) (39 38) (38 40) (37 39) (36 34) (35 37) (34 29) (33 35) (32 33) (31 32) (30 31) (29 27) (28 30) (27 20) (26 28) (25 26) (24 25) (23 24) (22 23) (21 22) (20 17) (19 13) (18 21) (17 19) (16 18) (15 16) (14 15) (13 9) (12 14) (11 12) (10 11) (9 6) (8 10) (7 8) (6 5) (5 0) (4 3) (3 7) (2 1) (1 4) (0 2) (45 47) (47 36)],0.0
48cities_avg10_std30_36,floatingpoint,1803,[(18 28) (45 25) (25 21) (42 1) (1 41) (16 45) (36 14) (26 31) (24 36) (7 6) (6 44) (32 37) (28 12) (17 47) (27 15) (29 33) (2 19) (3 13) (38 35) (10 7) (8 39) (30 46) (43 32) (15 2) (12 30) (47 42) (44 24) (5 9) (34 16) (46 38) (13 18) (22 11) (4 29) (40 20) (35 5) (0 40) (39 3) (41 27) (31 23) (37 26) (14 34) (9 22) (21 0) (11 10) (19 43) (33 8) (20 17) (23 4)],0.02269759168808644
48cities_avg10_std30_1,integer,321,[(44 41) (45 46) (42 44) (43 45) (41 38) (40 43) (39 40) (38 37) (37 30) (36 39) (35 36) (34 35) (33 34) (32 33) (31 32) (30 29) (29 26) (28 31) (27 28) (26 24) (25 23) (24 25) (23 20) (22 27) (21 17) (20 21) (19 22) (18 19) (17 11) (16 15) (15 18) (14 16) (13 14) (12 10) (11 5) (10 13) (9 12) (8 9) (7 8) (6 7) (5 4) (4 2) (3 0) (2 3) (1 6) (0 1) (46 47) (47 42)],0.0
48cities_avg10_std30_1,floatingpoint,42388,[(21 23) (0 40) (13 44) (44 0) (16 47) (29 26) (28 45) (14 28) (32 7) (47 5) (6 8) (8 15) (17 41) (30 14) (5 27) (42 35) (4 24) (18 21) (20 4) (36 12) (19 31) (40 1) (25 38) (15 37) (46 13) (7 2) (43 33) (39 43) (24 10) (26 34) (11 25) (27 18) (38 36) (22 29) (2 3) (41 6) (12 9) (34 11) (1 16) (10 22) (35 32) (31 30) (9 19) (33 17) (45 46) (3 39) (23 42) (37 20)],0.027649427387913962
48cities_avg10_std30_43,integer,321,[(43 35) (44 47) (42 44) (41 42) (47 45) (40 43) (39 32) (38 41) (37 39) (36 38) (35 37) (34 36) (33 34) (32 25) (31 33) (30 28) (29 31) (28 29) (27 30) (26 27) (25 21) (24 26) (23 24) (22 16) (21 22) (20 18) (19 23) (18 19) (17 20) (16 14) (15 17) (14 11) (13 15) (12 13) (11 10) (10 6) (9 8) (8 12) (7 9) (6 2) (5 7) (4 5) (3 4) (2 0) (1 3) (0 1) (45 46) (46 40)],0.0
48cities_avg10_std30_43,floatingpoint,17381,[(26 15) (24 42) (19 39) (6 29) (39 9) (38 45) (18 21) (44 43) (13 31) (35 46) (10 23) (17 14) (47 4) (2 22) (21 34) (3 5) (12 11) (5 38) (14 24) (41 17) (43 12) (1 25) (42 6) (30 7) (37 27) (4 36) (46 40) (27 8) (36 3) (8 28) (16 30) (28 0) (25 20) (32 16) (23 26) (0 32) (29 10) (34 41) (40 13) (20 37) (7 47) (15 44) (11 33) (31 2) (22 1) (9 35) (33 19) (45 18)],0.029840407736274235
48cities_avg10_std30_15,integer,321,[(46 44) (43 42) (45 46) (42 35) (41 45) (40 41) (39 40) (38 39) (37 38) (36 37) (35 22) (34 36) (33 34) (32 33) (31 32) (30 31) (29 30) (28 29) (27 28) (26 25) (25 27) (24 26) (23 24) (22 21) (21 15) (20 23) (19 20) (18 19) (17 18) (16 17) (15 12) (14 16) (13 14) (12 4) (11 13) (10 11) (9 10) (8 9) (7 8) (6 7) (5 6) (4 2) (3 5) (2 0) (1 3) (0 1) (44 47) (47 43)],0.0
48cities_avg10_std30_15,floatingpoint,1799,[(8 45) (23 22) (16 23) (45 37) (27 30) (6 17) (13 43) (34 26) (25 38) (1 46) (47 28) (9 21) (2 7) (32 40) (18 13) (43 2) (37 20) (41 39) (5 16) (19 6) (12 35) (33 12) (21 41) (22 4) (40 19) (17 29) (44 9) (10 25) (46 27) (36 33) (42 11) (15 1) (24 5) (3 36) (14 34) (20 14) (38 8) (29 42) (28 31) (31 0) (7 47) (26 3) (4 18) (11 15) (30 24) (35 32) (0 44) (39 10)],0.029537115055682624
48cities_avg10_std30_9,integer,321,[(43 42) (45 46) (42 44) (47 43) (40 41) (41 47) (39 38) (38 36) (37 40) (36 34) (35 37) (34 33) (33 27) (32 35) (31 32) (30 31) (29 30) (28 29) (27 25) (26 28) (25 24) (24 22) (23 26) (22 18) (21 23) (20 21) (19 20) (18 17) (17 15) (16 19) (15 14) (14 1) (13 16) (12 13) (11 12) (10 11) (9 10) (8 9) (7 8) (6 5) (5 7) (4 6) (3 0) (2 4) (1 3) (0 2) (44 45) (46 39)],0.0
48cities_avg10_std30_9,floatingpoint,21955,[(33 37) (35 4) (24 3) (46 18) (11 38) (30 32) (12 0) (3 29) (28 7) (15 27) (14 24) (37 46) (8 10) (23 22) (2 31) (32 15) (9 39) (0 34) (5 40) (42 25) (13 36) (17 33) (47 17) (45 26) (4 20) (43 21) (16 19) (22 28) (41 5) (18 41) (25 1) (21 13) (34 23) (20 30) (38 44) (27 14) (7 6) (6 42) (36 8) (10 12) (39 43) (40 35) (31 9) (19 47) (44 2) (29 11) (1 45) (26 16)],0.023512105981011267
48cities_avg10_std30_17,integer,321,[(45 46) (43 45) (42 44) (44 43) (41 42) (40 41) (39 40) (38 39) (37 38) (36 35) (35 37) (34 36) (33 34) (32 33) (31 32) (30 31) (29 30) (28 29) (27 21) (26 28) (25 26) (24 25) (23 24) (22 23) (21 20) (20 17) (19 18) (18 22) (17 4) (16 19) (15 16) (14 15) (13 12) (12 14) (11 13) (10 11) (9 10) (8 9) (7 8) (6 5) (5 7) (4 3) (3 2) (2 0) (1 6) (0 1) (46 47) (47 27)],0.0
48cities_avg10_std30_17,floatingpoint,2046,[(35 14) (7 2) (46 47) (4 5) (40 9) (13 38) (24 10) (18 25) (23 40) (11 0) (17 4) (41 24) (33 20) (20 11) (6 18) (14 19) (0 39) (1 23) (21 42) (39 17) (9 35) (26 36) (28 6) (44 46) (22 41) (15 8) (32 43) (43 31) (36 44) (30 22) (42 45) (37 26) (34 16) (10 28) (29 13) (8 34) (5 37) (12 7) (3 30) (31 3) (45 32) (25 33) (38 27) (27 12) (2 15) (47 29) (16 1) (19 21)],0.025806775420970388
48cities_avg10_std30_10,integer,321,[(47 45) (44 39) (43 47) (42 46) (41 42) (40 41) (39 33) (38 40) (37 38) (36 35) (35 32) (34 37) (33 36) (32 28) (31 34) (30 31) (29 30) (28 14) (27 29) (26 27) (25 26) (24 25) (23 21) (22 24) (21 22) (20 23) (19 20) (18 19) (17 18) (16 17) (15 16) (14 12) (13 5) (12 13) (11 15) (10 11) (9 10) (8 9) (7 8) (6 7) (5 1) (4 3) (3 0) (2 6) (1 4) (0 2) (45 44) (46 43)],0.0
48cities_avg10_std30_10,floatingpoint,1851,[(16 35) (41 23) (18 4) (8 46) (13 42) (1 26) (4 37) (36 9) (15 34) (46 24) (22 5) (38 25) (14 12) (7 36) (23 30) (26 45) (11 38) (0 14) (40 19) (32 10) (17 0) (25 43) (37 39) (19 32) (2 8) (44 18) (9 15) (33 1) (35 22) (20 29) (30 6) (39 21) (47 20) (31 16) (24 31) (28 3) (10 11) (5 28) (42 47) (43 27) (3 44) (21 41) (6 40) (34 2) (12 33) (29 17) (27 13) (45 7)],0.024412453024183482
48cities_avg10_std30_5,integer,321,[(44 39) (46 44) (43 45) (42 43) (41 42) (40 41) (39 37) (38 40) (37 36) (36 26) (35 38) (34 35) (33 34) (32 33) (31 30) (30 32) (29 27) (28 29) (27 31) (26 22) (25 28) (24 25) (23 24) (22 15) (21 23) (20 21) (19 20) (18 19) (17 18) (16 17) (15 7) (14 16) (13 14) (12 13) (11 12) (10 11) (9 5) (8 10) (7 9) (6 8) (5 2) (4 6) (3 4) (2 0) (1 3) (0 1) (45 47) (47 46)],0.0
48cities_avg10_std30_5,floatingpoint,3171,[(35 38) (11 34) (42 19) (37 18) (27 43) (23 27) (7 13) (14 37) (44 22) (22 5) (16 14) (2 11) (36 16) (26 47) (25 9) (46 4) (8 23) (41 17) (31 29) (47 41) (12 15) (29 12) (15 36) (21 32) (43 46) (9 24) (30 40) (32 45) (40 28) (10 30) (24 39) (20 8) (4 0) (28 42) (33 26) (0 1) (39 44) (1 25) (17 10) (45 35) (13 3) (18 7) (19 2) (34 21) (3 6) (6 20) (5 33) (38 31)],0.026867388662103236
48cities_avg10_std30_7,integer,321,[(45 46) (44 45) (43 36) (42 43) (41 40) (40 44) (39 41) (38 39) (37 38) (36 32) (35 37) (34 35) (33 34) (32 30) (31 33) (30 25) (29 31) (28 29) (27 28) (26 27) (25 20) (24 26) (23 24) (22 23) (21 22) (20 15) (19 21) (18 16) (17 19) (16 13) (15 18) (14 17) (13 11) (12 14) (11 7) (10 12) (9 10) (8 9) (7 2) (6 3) (5 8) (4 5) (3 4) (2 0) (1 6) (0 1) (46 47) (47 42)],0.0
48cities_avg10_std30_7,floatingpoint,1259,[(1 46) (2 33) (0 1) (23 0) (4 26) (45 4) (22 35) (19 47) (28 9) (16 29) (27 28) (12 45) (32 25) (7 21) (10 40) (33 19) (40 37) (21 3) (31 36) (43 11) (41 43) (5 10) (6 18) (24 30) (17 13) (35 32) (18 31) (8 38) (3 8) (26 6) (36 15) (47 20) (11 44) (44 23) (30 39) (38 12) (9 24) (42 2) (29 5) (14 42) (15 41) (34 7) (39 34) (25 14) (13 22) (37 27) (20 16) (46 17)],0.01991075107131547
48cities_avg10_std30_4,integer,321,[(46 47) (44 45) (43 42) (42 44) (41 43) (40 39) (39 34) (38 40) (37 38) (36 41) (35 36) (34 31) (33 35) (32 33) (31 29) (30 32) (29 26) (28 30) (27 28) (26 19) (25 27) (24 25) (23 24) (22 13) (21 22) (20 23) (19 21) (18 20) (17 18) (16 17) (15 14) (14 16) (13 7) (12 15) (11 12) (10 11) (9 10) (8 9) (7 0) (6 8) (5 6) (4 5) (3 2) (2 4) (1 3) (0 1) (45 46) (47 37)],0.0
48cities_avg10_std30_4,floatingpoint,7294,[(33 41) (35 17) (4 8) (25 43) (36 0) (37 14) (40 29) (0 4) (38 25) (15 10) (44 2) (20 6) (1 47) (13 37) (12 38) (22 31) (31 19) (45 40) (42 23) (32 35) (9 18) (8 13) (24 11) (5 39) (19 9) (18 24) (23 21) (14 12) (21 45) (2 5) (34 44) (17 42) (41 22) (3 16) (46 3) (43 34) (30 32) (10 26) (26 28) (7 33) (6 36) (16 27) (11 20) (27 7) (39 15) (28 1) (29 46) (47 30)],0.023580789601076034
48cities_avg10_std30_39,integer,321,[(46 44) (44 42) (43 45) (42 32) (41 43) (40 41) (39 40) (38 36) (37 35) (36 39) (35 31) (34 37) (33 38) (32 34) (31 28) (30 27) (29 33) (28 30) (27 26) (26 21) (25 29) (24 25) (23 24) (22 23) (21 6) (20 22) (19 18) (18 20) (17 19) (16 17) (15 16) (14 15) (13 14) (12 11) (11 13) (10 9) (9 12) (8 10) (7 4) (6 7) (5 8) (4 3) (3 2) (2 0) (1 5) (0 1) (45 47) (47 46)],0.0
48cities_avg10_std30_39,floatingpoint,4811,[(38 7) (0 10) (8 5) (33 11) (34 23) (28 33) (1 18) (27 28) (36 41) (26 45) (7 22) (20 27) (43 31) (6 3) (4 29) (44 4) (31 32) (41 34) (47 43) (9 12) (18 17) (14 38) (30 24) (40 9) (16 44) (42 47) (15 0) (13 1) (37 21) (23 37) (21 35) (25 30) (32 25) (45 13) (22 42) (29 15) (46 26) (10 14) (12 16) (35 39) (2 19) (19 40) (5 46) (3 20) (24 36) (11 2) (17 6) (39 8)],0.02810543979652784
48cities_avg10_std30_8,integer,321,[(45 42) (44 43) (42 39) (43 47) (41 44) (40 41) (39 30) (38 40) (37 38) (36 37) (35 36) (34 35) (33 34) (32 33) (31 32) (30 27) (29 31) (28 29) (27 22) (26 25) (25 28) (24 26) (23 24) (22 15) (21 20) (20 23) (19 18) (18 21) (17 19) (16 17) (15 10) (14 16) (13 14) (12 13) (11 12) (10 2) (9 11) (8 9) (7 8) (6 7) (5 6) (4 5) (3 1) (2 0) (1 4) (0 3) (46 45) (47 46)],0.0
48cities_avg10_std30_8,floatingpoint,16986,[(37 8) (35 45) (43 24) (9 2) (20 7) (41 13) (46 3) (6 39) (21 27) (38 41) (15 33) (10 19) (12 31) (18 21) (32 1) (8 17) (19 32) (39 16) (2 6) (22 46) (44 22) (11 23) (36 42) (23 44) (3 40) (16 30) (31 15) (17 34) (1 20) (25 9) (24 4) (29 43) (7 36) (45 47) (26 18) (5 28) (4 5) (47 0) (28 35) (33 38) (40 12) (0 14) (13 26) (30 37) (34 10) (27 25) (14 11) (42 29)],0.034536284323019896
48cities_avg10_std30_29,integer,321,[(45 38) (44 45) (43 46) (42 43) (41 42) (40 41) (39 40) (38 27) (37 39) (36 37) (35 36) (34 35) (33 34) (32 33) (31 30) (30 32) (29 28) (28 31) (27 26) (26 22) (25 29) (24 25) (23 24) (22 12) (21 23) (20 21) (19 20) (18 19) (17 18) (16 17) (15 14) (14 8) (13 16) (12 15) (11 9) (10 11) (9 13) (8 5) (7 0) (6 10) (5 7) (4 6) (3 4) (2 1) (1 3) (0 2) (46 47) (47 44)],0.0
48cities_avg10_std30_29,floatingpoint,4706,[(20 10) (35 17) (19 14) (30 19) (5 12) (14 11) (43 18) (21 35) (28 3) (3 22) (26 23) (33 41) (39 21) (11 25) (4 7) (0 36) (10 8) (25 34) (23 15) (1 29) (16 40) (45 44) (17 20) (32 24) (18 47) (47 2) (44 1) (13 32) (9 45) (36 13) (29 30) (42 46) (8 4) (2 26) (38 16) (41 6) (22 33) (7 31) (40 0) (31 9) (34 43) (37 28) (46 37) (27 42) (6 38) (15 5) (12 27) (24 39)],0.027294808138959435
48cities_avg10_std30_28,integer,321,[(43 41) (44 46) (42 44) (41 39) (46 47) (40 42) (39 38) (38 32) (37 40) (36 37) (35 36) (34 35) (33 34) (32 22) (31 33) (30 31) (29 30) (28 29) (27 28) (26 27) (25 26) (24 25) (23 24) (22 16) (21 23) (20 21) (19 20) (18 19) (17 18) (16 13) (15 17) (14 15) (13 0) (12 14) (11 12) (10 11) (9 10) (8 9) (7 8) (6 7) (5 6) (4 5) (3 2) (2 4) (1 3) (0 1) (45 43) (47 45)],0.0
48cities_avg10_std30_28,floatingpoint,4157,[(10 9) (15 8) (24 10) (46 47) (14 15) (33 17) (8 42) (32 5) (7 6) (18 16) (9 1) (25 33) (45 41) (21 28) (27 36) (22 7) (37 20) (29 18) (17 4) (19 40) (47 29) (12 24) (38 35) (23 19) (1 3) (35 32) (34 0) (39 46) (31 23) (13 14) (2 27) (26 45) (5 37) (0 12) (44 2) (40 25) (3 26) (4 38) (28 39) (41 44) (30 43) (11 13) (20 21) (16 30) (36 22) (43 34) (6 11) (42 31)],0.025547300861391748
48cities_avg10_std30_41,integer,321,[(44 45) (43 46) (42 41) (41 43) (40 21) (45 40) (39 37) (38 39) (37 42) (36 38) (35 36) (34 35) (33 34) (32 33) (31 29) (30 31) (29 32) (28 30) (27 28) (26 27) (25 26) (24 25) (23 24) (22 23) (21 13) (20 22) (19 16) (18 20) (17 19) (16 18) (15 9) (14 17) (13 15) (12 14) (11 6) (10 12) (9 11) (8 10) (7 8) (6 5) (5 1) (4 7) (3 4) (2 0) (1 2) (0 3) (46 47) (47 44)],0.0
48cities_avg10_std30_41,floatingpoint,6626,[(0 3) (13 27) (41 2) (4 26) (24 39) (23 4) (14 36) (17 40) (43 21) (47 15) (44 45) (27 20) (38 34) (36 43) (20 24) (1 29) (16 12) (9 18) (35 28) (10 7) (7 41) (12 30) (18 19) (31 17) (21 22) (15 46) (11 32) (3 13) (33 47) (46 35) (28 44) (37 38) (19 0) (6 9) (34 6) (40 23) (26 42) (42 33) (45 25) (22 11) (29 10) (25 1) (39 5) (8 16) (2 37) (5 14) (30 31) (32 8)],0.02687262883531859
48cities_avg10_std30_6,integer,321,[(46 43) (44 45) (43 36) (42 44) (41 42) (40 41) (39 40) (38 33) (37 39) (36 38) (35 37) (34 35) (33 30) (32 34) (31 32) (30 23) (29 31) (28 29) (27 28) (26 25) (25 27) (24 26) (23 16) (22 24) (21 22) (20 21) (19 20) (18 19) (17 18) (16 7) (15 17) (14 15) (13 14) (12 13) (11 12) (10 11) (9 10) (8 9) (7 1) (6 5) (5 8) (4 6) (3 2) (2 0) (1 3) (0 4) (45 47) (47 46)],0.0
48cities_avg10_std30_6,floatingpoint,938,[(10 14) (9 30) (29 7) (36 22) (27 4) (28 19) (22 11) (37 18) (4 26) (21 9) (43 25) (31 41) (15 10) (42 32) (17 44) (5 40) (40 24) (20 38) (35 46) (24 17) (39 37) (32 21) (0 8) (47 42) (45 29) (18 35) (7 13) (3 23) (34 20) (14 27) (25 16) (1 39) (33 5) (41 15) (6 47) (46 2) (38 43) (2 34) (13 28) (30 3) (11 12) (12 0) (44 31) (23 36) (16 33) (19 1) (8 45) (26 6)],0.02331724096034981
48cities_avg10_std30_46,integer,321,[(46 31) (45 46) (43 44) (42 43) (41 42) (40 41) (39 40) (38 39) (37 38) (36 37) (35 36) (34 35) (33 34) (32 33) (31 27) (30 32) (29 30) (28 29) (27 26) (26 23) (25 28) (24 25) (23 21) (22 24) (21 11) (20 22) (19 20) (18 19) (17 18) (16 14) (15 16) (14 17) (13 15) (12 13) (11 8) (10 12) (9 10) (8 7) (7 2) (6 5) (5 9) (4 6) (3 0) (2 3) (1 4) (0 1) (44 47) (47 45)],0.0
48cities_avg10_std30_46,floatingpoint,7162,[(21 15) (27 36) (24 25) (26 9) (38 5) (22 32) (8 41) (30 16) (17 8) (9 37) (44 3) (7 13) (35 14) (33 6) (42 45) (31 27) (40 23) (1 2) (16 10) (37 29) (29 28) (32 44) (4 21) (18 34) (13 43) (12 38) (0 20) (19 39) (41 0) (20 26) (47 1) (36 42) (34 30) (2 7) (46 24) (25 17) (28 33) (15 18) (14 22) (39 12) (3 40) (5 11) (10 47) (11 31) (45 35) (6 19) (23 4) (43 46)],0.03211613817282581
48cities_avg10_std30_34,integer,321,[(46 45) (44 47) (43 36) (42 44) (41 40) (40 46) (39 41) (38 39) (37 38) (36 35) (35 22) (34 37) (33 34) (32 33) (31 32) (30 31) (29 30) (28 27) (27 29) (26 25) (25 28) (24 20) (23 24) (22 23) (21 26) (20 18) (19 21) (18 13) (17 19) (16 17) (15 16) (14 15) (13 2) (12 14) (11 12) (10 11) (9 10) (8 9) (7 8) (6 7) (5 6) (4 5) (3 4) (2 0) (1 3) (0 1) (45 42) (47 43)],0.0
48cities_avg10_std30_34,floatingpoint,14757,[(11 9) (3 16) (38 32) (9 39) (47 13) (10 19) (2 41) (16 34) (33 31) (7 27) (17 21) (14 8) (35 15) (13 11) (37 42) (6 25) (8 33) (46 40) (25 0) (15 29) (23 4) (22 12) (18 1) (12 18) (30 6) (26 28) (1 47) (42 45) (40 23) (0 3) (34 46) (21 14) (39 35) (20 36) (36 24) (24 5) (45 2) (29 44) (41 22) (32 43) (19 26) (28 17) (44 38) (27 20) (5 30) (31 7) (4 37) (43 10)],0.027180463759447073
48cities_avg10_std30_19,integer,339,[(45 41) (44 47) (43 44) (42 40) (41 39) (40 43) (39 38) (38 30) (37 42) (36 37) (35 36) (34 35) (33 34) (32 33) (31 32) (30 24) (29 27) (28 29) (27 31) (26 28) (25 26) (24 21) (23 25) (22 23) (21 11) (20 22) (19 20) (18 19) (17 18) (16 17) (15 16) (14 15) (13 14) (12 8) (11 12) (10 3) (9 13) (8 10) (7 9) (6 7) (5 4) (4 6) (3 0) (2 1) (1 5) (0 2) (46 45) (47 46)],0.0
48cities_avg10_std30_19,floatingpoint,1250,[(25 30) (8 25) (47 21) (43 34) (20 8) (40 43) (19 45) (15 27) (21 0) (3 35) (4 36) (26 14) (7 47) (27 5) (45 15) (5 37) (0 26) (36 2) (39 32) (12 44) (42 12) (23 39) (46 38) (18 24) (24 46) (33 40) (13 20) (31 9) (11 10) (28 22) (16 17) (41 28) (37 13) (9 1) (10 16) (35 18) (29 41) (38 23) (32 6) (6 42) (2 3) (14 33) (44 11) (34 31) (30 4) (17 29) (1 19) (22 7)],0.02133195138919848
